id,btc_to_usd_rate,eth_to_usd_rate,ltc_to_usd_rate,data_date,ts
1,44195.13,2352.8,74.75,2/1/2024,08:50.1
2,42288.58,2281.03,72.81,1/1/2024,08:50.9
3,44972.81,2356.27,72.99,3/1/2024,08:51.0
4,44198.35,2269.48,66.49,5/1/2024,08:51.3
5,43992.79,2241.81,65.69,7/1/2024,08:51.4
6,46120.79,2340.77,67,10/1/2024,08:51.7
7,43954.52,2222.86,64.31,8/1/2024,08:51.8
8,44187.76,2271.72,66.16,6/1/2024,08:51.9
9,46995.09,2332.52,67.8,9/1/2024,08:52.1
10,46678.54,2584.85,70.13,11/1/2024,08:52.1
11,46344.96,2618.37,71.9,12/1/2024,08:52.4
12,42775.1,2522.02,72.96,13/1/2024,08:52.7
13,42839.32,2578.96,72,14/1/2024,08:52.9
14,41680,2468.6,69.76,15/1/2024,08:53.1
15,42481.69,2509.85,69.08,16/1/2024,08:54.3
16,43130.35,2586.46,69.4,17/1/2024,09:07.7
17,41623.94,2489.98,71.23,20/1/2024,09:08.7
18,41290.57,2468.82,68.06,19/1/2024,09:08.8
19,41666.67,2470.51,71.31,21/1/2024,09:09.5
20,42737.68,2528.02,69.44,18/1/2024,09:09.9
21,39524.27,2311.52,67.29,23/1/2024,09:09.9
22,41553.92,2455.09,71.67,22/1/2024,09:10.4
23,39878.28,2241.1,65.47,24/1/2024,09:10.5
24,41814.96,2267.47,67.03,27/1/2024,09:12.1
25,42126.55,2268.12,68.07,28/1/2024,09:12.1
26,39941.66,2217.29,65.44,26/1/2024,09:12.2
27,40079.87,2234.34,66.11,25/1/2024,09:12.2
28,43303.3,2317.63,68.44,30/1/2024,09:12.5
29,42034.57,2256.47,68.36,29/1/2024,09:12.6
30,42937.72,2352.17,67.48,31/1/2024,09:12.9
31,42545.47,2281.55,66.72,1/2/2024,09:40.8
32,43007.82,2295.97,68.81,4/2/2024,09:41.3
33,43080.38,2303.66,67.29,2/2/2024,09:41.4
34,43183.62,2308.06,68.02,3/2/2024,09:41.5
35,42571.91,2288.82,66.91,5/2/2024,09:41.8
36,42658.3,2298.93,67.48,6/2/2024,09:41.8
37,43097.16,2372.09,68.27,7/2/2024,09:42.1
38,45304.83,2419.78,70.54,9/2/2024,09:42.3
39,44335,2424.71,68.61,8/2/2024,09:42.3
40,48321.14,2508.49,71.59,12/2/2024,09:43.9
41,47157.01,2487.87,70.67,10/2/2024,09:43.9
42,49941.95,2661.13,72.91,13/2/2024,09:43.9
43,47767.06,2501.08,70.84,11/2/2024,09:43.9
44,51858.51,2777.37,69.89,15/2/2024,09:45.8
45,49724.55,2641.84,69,14/2/2024,09:45.8
46,51935.23,2825.88,69.84,16/2/2024,10:10.2
47,52162.65,2804.09,70.75,17/2/2024,10:10.2
48,51666.23,2787.12,70,18/2/2024,10:11.5
49,52153.63,2881.91,70.81,19/2/2024,10:11.5
50,51260.29,2969.75,68.76,23/2/2024,10:12.2
51,51851.46,2968.37,68.92,22/2/2024,10:12.2
52,51787.05,2944.94,71.32,20/2/2024,10:12.9
53,50746.98,2921.76,68.78,24/2/2024,10:12.9
54,52277.53,3015.53,69.72,21/2/2024,10:13.0
55,51730.96,3113.37,70.17,26/2/2024,10:13.5
56,57077.08,3244.35,74.04,28/2/2024,10:14.7
57,62520.06,3386.64,74.58,29/2/2024,10:14.7
58,51568.63,2992.41,70.4,25/2/2024,10:14.7
59,54530.32,3178.28,71.98,27/2/2024,10:14.7
60,61179.03,3340.15,79.99,1/3/2024,10:16.8
61,62045.78,3423.77,94.88,3/3/2024,10:39.5
62,68356.7,3632.92,89.06,5/3/2024,10:40.4
63,63155.74,3489.95,90.75,4/3/2024,10:40.4
64,63802.15,3557.42,82.04,6/3/2024,10:41.4
65,62439.74,3436.37,84.99,2/3/2024,10:41.6
66,66938.21,3875.42,88.16,8/3/2024,10:42.0
67,66115.48,3822.1,85.94,7/3/2024,10:42.5
68,68289.16,3892.62,88.54,9/3/2024,10:42.6
69,72110.98,4066.95,103.87,12/3/2024,10:44.7
70,69032.8,3882.48,87.51,11/3/2024,10:44.7
71,71473.43,3980.31,97.57,13/3/2024,10:44.7
72,68480.01,3913.84,91,10/3/2024,10:44.9
73,71364.58,3880.45,94.07,15/3/2024,10:45.0
74,69514.87,3743.29,89.78,16/3/2024,10:45.2
75,73135.04,4007.79,97.26,14/3/2024,10:45.3
76,68354.29,3642.56,85.87,18/3/2024,11:10.5
77,65254.22,3520.24,84.05,17/3/2024,11:10.6
78,67609.39,3520.52,87.87,19/3/2024,11:10.6
79,67855.88,3517.02,84.69,21/3/2024,11:11.0
80,65478.98,3491.78,85.71,22/3/2024,11:11.0
81,61902.57,3156.94,78.41,20/3/2024,11:11.1
82,63814.56,3337.38,83.43,23/3/2024,11:11.5
83,67212.69,3454.88,89.66,25/3/2024,11:12.1
84,69895.6,3590.61,90.59,26/3/2024,11:12.9
85,63998.87,3330.28,85.25,24/3/2024,11:12.9
86,69994.9,3587.5,95.74,27/3/2024,11:13.1
87,69437.16,3499.62,93.4,28/3/2024,11:13.1
88,70804.06,3561.12,94.15,29/3/2024,11:13.3
89,69903.74,3511.21,109.31,30/3/2024,11:13.5
90,69587.86,3505.76,102.9,31/3/2024,11:14.5
91,69711,3505.95,99.28,2/4/2024,11:39.6
92,65984.18,3312.42,98.36,4/4/2024,11:40.1
93,65472,3279.71,106.77,3/4/2024,11:41.0
94,67856.51,3319.1,97.88,6/4/2024,11:41.0
95,71313.8,3645.55,105.04,1/4/2024,11:41.5
96,69350.36,3453.69,101.24,8/4/2024,11:41.6
97,68919.57,3352.87,101.65,7/4/2024,11:42.4
98,68528.69,3329.41,98.47,5/4/2024,11:42.8
99,71616.31,3694.26,103.43,9/4/2024,11:43.3
100,67148.62,3238.98,86.16,13/4/2024,11:43.5
101,70638.4,3546.07,96.72,11/4/2024,11:43.6
102,69115.79,3504.24,97.53,10/4/2024,11:43.6
103,70020.71,3503.06,98.76,12/4/2024,11:43.9
104,64021.36,3012.01,77.48,14/4/2024,11:43.9
105,65764.56,3158.2,79.8,15/4/2024,11:44.9
106,63452.18,3103.4,78.14,16/4/2024,12:11.9
107,63814.94,3085.41,79.96,17/4/2024,12:12.1
108,63514.84,3065.8,80.8,19/4/2024,12:14.1
109,64960.82,3156.62,85.06,21/4/2024,12:14.2
110,64952.92,3148.06,84.17,22/4/2024,12:14.2
111,63841.96,3057.9,80.89,20/4/2024,12:14.2
112,61275.73,2984.9,80.17,18/4/2024,12:14.3
113,66856.07,3201.67,85.44,23/4/2024,12:14.3
114,66418,3219.42,85.02,24/4/2024,12:16.7
115,63109.76,3262.99,83.98,29/4/2024,12:16.7
116,63845.01,3215.89,83.48,30/4/2024,12:16.7
117,63742.39,3130.04,88.08,27/4/2024,12:16.7
118,64484.44,3155.27,83.75,26/4/2024,12:16.7
119,63422.34,3253.04,83.83,28/4/2024,12:16.7
120,64255.77,3139.27,83.2,25/4/2024,12:16.7
121,60621.195,3011.24,79.44,1/5/2024,12:42.0
122,58267.81,2968.18,80.04,2/5/2024,12:42.5
123,62913.03,3104.11,81.9,4/5/2024,12:42.6
124,59070.3,2986.12,80.04,3/5/2024,12:42.6
125,64023.45,3136.77,81.34,6/5/2024,12:43.0
126,63161.35,3062.69,80.77,7/5/2024,12:44.2
127,61169.53,2972.81,81.67,9/5/2024,12:44.5
128,63902.88,3117.52,81.67,5/5/2024,12:44.6
129,63073.55,3035.92,83.05,10/5/2024,12:44.8
130,60814.64,2911.77,81.36,12/5/2024,12:46.2
131,62315.75,3006.09,80.82,8/5/2024,12:46.2
132,60787.99,2909.38,80.12,11/5/2024,12:46.2
133,62920.22,2950.09,80.61,14/5/2024,12:46.4
134,61453.01,2927.72,81.38,13/5/2024,12:46.4
135,61539.7,2880.39,78.75,15/5/2024,12:46.6
136,66244.68,3033.23,82.49,16/5/2024,13:14.4
137,66260.04,3070.83,82.38,20/5/2024,13:15.1
138,66923.87,3123.76,83.86,19/5/2024,13:15.1
139,67046.34,3093.2,84.17,18/5/2024,13:15.5
140,71432.16,3661.51,88.64,21/5/2024,13:15.5
141,65252.17,2944.86,82.44,17/5/2024,13:15.5
142,67932.79,3780.42,85.41,24/5/2024,13:18.2
143,69289.69,3749.23,84.99,26/5/2024,13:18.2
144,68487.44,3726.87,84.98,25/5/2024,13:18.2
145,68470.8,3821.01,83.77,27/5/2024,13:18.2
146,69366.31,3890.72,85.18,28/5/2024,13:18.2
147,69109.93,3736.02,85.75,23/5/2024,13:18.3
148,70146.89,3789.41,88.24,22/5/2024,13:18.4
149,67569.44,3762.07,83.47,30/5/2024,13:20.1
150,68322.26,3840.18,83.37,29/5/2024,13:20.1
151,67473.07,3758.44,83.13,1/6/2024,13:44.4
152,67719.29,3812.49,83.48,2/6/2024,13:44.9
153,70773.63,3812.04,84.18,7/6/2024,13:45.0
154,68338.58,3746.64,84.42,31/5/2024,13:45.9
155,71120.65,3866.42,85.44,6/6/2024,13:46.0
156,67731.14,3778.88,83.08,3/6/2024,13:46.2
157,70541.68,3810.24,83.67,5/6/2024,13:46.4
158,69641.08,3706.4,80.49,10/6/2024,13:47.0
159,68791.04,3766.12,82.82,4/6/2024,13:47.2
160,69326.71,3676.31,80.1,8/6/2024,13:47.2
161,68248.59,3559.14,78.49,13/6/2024,13:47.5
162,67316.52,3497.27,77.3,12/6/2024,13:47.5
163,69303.8,3680.89,79.97,9/6/2024,13:47.8
164,69547.82,3665.86,79.64,11/6/2024,13:47.8
165,66746.46,3467.9,79.12,14/6/2024,13:47.9
166,42860.58,2210.49,65.28,4/1/2024,13:51.2
167,66004.36,3479.53,77.57,15/6/2024,14:15.9
168,66192,3566.82,79.19,16/6/2024,14:16.2
169,66629.38,3622.53,78.98,17/6/2024,14:16.4
170,66574.33,3515.87,76.58,18/6/2024,14:16.8
171,65150.9,3482.07,72.63,19/6/2024,14:17.2
172,64840.89,3510.73,74.71,21/6/2024,14:18.0
173,64120.28,3520.03,74.14,22/6/2024,14:18.0
174,64945.67,3559.24,73.76,20/6/2024,14:18.5
175,64235,3494.09,74.59,23/6/2024,14:18.5
176,63169.36,3418.42,73.33,24/6/2024,14:18.7
177,60217.36,3350.6,69.67,25/6/2024,14:18.8
178,61794.47,3393.59,71.35,26/6/2024,14:18.9
179,60818.86,3369.76,70.98,27/6/2024,14:19.1
181,61611.43,3445.57,73.16,28/6/2024,14:20.2
180,60273.8,3373.75,72.75,29/6/2024,14:20.2
182,60884.44,3373.34,74.82,30/6/2024,14:21.3
183,62669.14,3432.37,75.22,1/7/2024,14:46.2
184,6945.02,126.81,39.29,3/1/2020,08:41.7
185,7174.33,130.18,41.49,2/1/2020,08:41.7
186,7348.63,134.14,42.7,5/1/2020,08:41.7
187,7165.72,128.54,41.09,1/1/2020,08:41.8
188,7334.45,134.17,42.2,4/1/2020,08:41.9
189,7343.17,135.31,43.28,6/1/2020,08:42.4
190,7764.63,144.2,45.81,7/1/2020,08:42.7
191,7813.78,137.72,44.72,10/1/2020,08:43.2
192,8160.01,143.08,46.36,8/1/2020,08:43.6
193,8048.67,140.64,45.32,9/1/2020,08:43.6
194,8017.47,142.51,49.37,12/1/2020,08:45.0
195,8198.09,144.89,49.01,11/1/2020,08:45.2
196,8195.81,147,51.63,13/1/2020,08:45.4
197,8105.23,143.45,49.56,14/1/2020,08:45.6
198,8808.81,166.27,58.4,16/1/2020,08:45.7
199,8812.58,165.74,58.4,15/1/2020,08:45.8
200,8714.77,164,57.53,17/1/2020,09:16.6
201,8908.95,174.05,59.24,19/1/2020,09:16.7
202,8899.42,169.54,60.87,18/1/2020,09:17.7
203,8697.53,166.67,57.54,20/1/2020,09:17.7
204,8628.89,166.66,57.12,21/1/2020,09:18.0
205,8385.21,162.49,54.45,24/1/2020,09:18.0
206,9439.83,175.91,60.62,29/1/2020,09:19.8
207,8595,167.58,56.09,27/1/2020,09:19.8
208,8326.8,160,52.76,26/1/2020,09:19.9
209,8427.58,162.31,54.33,25/1/2020,09:19.9
210,8665,167.79,58.2,23/1/2020,09:19.9
211,8895.95,169.78,58.47,28/1/2020,09:19.9
212,8722.03,169.29,57.49,22/1/2020,09:19.9
213,9287.9,173.41,59.66,30/1/2020,09:20.2
214,9502.71,184.52,67.84,31/1/2020,09:21.1
215,9334.98,179,67.53,1/2/2020,09:22.2
216,9164.33,188.25,67.83,5/2/2020,09:48.1
217,9380.18,183.49,70.69,2/2/2020,09:48.8
218,9613.91,204.01,72.59,6/2/2020,09:48.8
219,9763.01,212.94,73.45,7/2/2020,09:49.1
220,9888.76,223.16,76.66,9/2/2020,09:49.7
221,9851.78,222.86,74,11/2/2020,09:50.1
222,10199,229.6,77.09,10/2/2020,09:50.1
223,9325.01,188.22,69.83,3/2/2020,09:50.4
224,9807.92,223.22,74.28,8/2/2020,09:50.6
225,10270.01,237.95,76.81,12/2/2020,09:50.8
226,10371.33,285.95,83.34,15/2/2020,09:52.0
227,9280.49,189.41,69.59,4/2/2020,09:52.0
228,10236.49,268.37,80.59,14/2/2020,09:52.0
229,10351.13,266.63,81.37,13/2/2020,09:52.0
230,9911.22,264.83,76.76,16/2/2020,09:52.5
231,9920.52,258.58,74.65,17/2/2020,09:53.5
232,10188.04,283.34,77.36,19/2/2020,10:17.3
233,9700,268.2,73.43,18/2/2020,10:18.4
234,9610.05,257.2,69.49,21/2/2020,10:18.4
235,9965,275.48,79.79,24/2/2020,10:18.5
236,9593.48,258.51,70.6,20/2/2020,10:18.6
237,9667.13,261.94,74.7,23/2/2020,10:19.0
238,8778.3,223.78,60.53,27/2/2020,10:19.5
239,9660,266.24,76.12,25/2/2020,10:19.6
240,9695.66,265.79,73.42,22/2/2020,10:19.9
241,9304.99,246.28,70.92,26/2/2020,10:20.3
242,8708.61,227.13,59.98,29/2/2020,10:20.6
243,8814.9,227.6,61.77,28/2/2020,10:20.7
244,8487.33,217.34,57.64,2/3/2020,10:20.8
245,8523.33,217.36,58.07,1/3/2020,10:20.8
246,8927.45,232.12,61.47,3/3/2020,10:21.8
247,8757.83,223.72,61.01,4/3/2020,10:21.9
248,8759.99,224.49,60.36,5/3/2020,10:46.8
249,9070.18,228.6,62.02,6/3/2020,10:48.0
250,7969.45,194.62,48.54,12/3/2020,10:48.6
251,8901.37,237.75,60.55,8/3/2020,10:48.7
252,7894.68,200.63,50.22,11/3/2020,10:49.2
253,8037.73,199.51,51.11,9/3/2020,10:49.3
254,5630.93,135.44,38.01,14/3/2020,10:49.3
255,5161.16,122.11,34.41,15/3/2020,10:49.7
256,9158.51,245.53,63.36,7/3/2020,10:49.7
257,7934.56,202.76,50.49,10/3/2020,10:50.0
258,5350.3,123.33,36.28,16/3/2020,10:50.0
259,4857.1,110.3,29.99,13/3/2020,10:50.2
260,5039.95,111.36,33.37,17/3/2020,10:51.2
261,5413.88,118.59,34.86,19/3/2020,10:51.2
262,5331.71,116.06,34.18,18/3/2020,10:51.2
263,6183.82,136.65,39.08,20/3/2020,10:51.3
264,6766,138.95,40.71,25/3/2020,11:17.9
265,6210.47,133.35,38.07,21/3/2020,11:18.0
266,6691.71,136.35,39.29,26/3/2020,11:18.4
267,6279.96,132.18,39.19,29/3/2020,11:18.8
268,5678.2,119.2,34.51,23/3/2020,11:19.3
269,6198.64,132.79,38.39,22/3/2020,11:19.4
270,6493.58,137,39.11,24/3/2020,11:20.4
271,6372.36,131.56,38.17,28/3/2020,11:20.5
272,6760,139,40.6,27/3/2020,11:20.5
273,5853,124.05,37.1,30/3/2020,11:20.5
274,6424.02,133.08,39.2,1/4/2020,11:20.5
275,6666.11,136.14,39.33,2/4/2020,11:20.8
276,6406.4,132.3,38.99,31/3/2020,11:21.7
277,6804.24,141.48,39.92,3/4/2020,11:21.7
278,6925,144.49,40.82,5/4/2020,11:21.7
279,6741.99,141.48,40.49,4/4/2020,11:25.8
280,7370.38,173.43,46.59,9/4/2020,11:48.9
281,6889.78,158.68,42.6,12/4/2020,11:48.9
282,7341.55,171.56,45.12,7/4/2020,11:49.0
283,6871.83,158.1,42.37,11/4/2020,11:49.2
284,7293.23,169.71,46.45,10/4/2020,11:49.2
285,6908.13,158.82,42,13/4/2020,11:49.2
286,7200.01,164.54,44.77,8/4/2020,11:49.3
287,6773.28,142.79,40.37,6/4/2020,11:49.3
288,6623.62,152.76,39.3,16/4/2020,11:50.9
289,6876.92,158.68,41.22,15/4/2020,11:50.9
290,7114.76,172.58,42.6,17/4/2020,11:51.1
291,7021,170.69,42.26,18/4/2020,11:51.1
292,6860.51,156.76,41.37,14/4/2020,11:51.3
293,7130.7,180.28,42.3,20/4/2020,11:52.2
294,7275,189.92,44.39,19/4/2020,11:52.2
295,6837.22,170.39,40.15,21/4/2020,11:52.2
296,7514.99,187.92,44.55,25/4/2020,12:18.5
297,7794.74,196.88,44.53,28/4/2020,12:18.5
298,7706.4,197.8,44.64,27/4/2020,12:18.6
299,6853.67,171.05,40.69,22/4/2020,12:20.8
300,7757.18,196.64,45.79,29/4/2020,12:20.9
301,7136.81,183.1,41.87,23/4/2020,12:21.0
302,7491.5,185.65,42.99,24/4/2020,12:21.0
303,7547.61,194.42,44.4,26/4/2020,12:21.1
304,8622.72,206.18,46.36,1/5/2020,12:21.4
305,8907.85,210.24,48.16,4/5/2020,12:21.4
306,8829.42,212.08,47.11,2/5/2020,12:21.4
307,8794.99,215.74,48.86,30/4/2020,12:21.8
308,8984.69,214.25,49.26,3/5/2020,12:21.9
309,8887.81,207.02,47.07,5/5/2020,12:22.1
310,9028.78,205.5,46.62,6/5/2020,12:22.3
311,9028.89,196.82,44.5,7/5/2020,12:22.4
312,10000.37,212.5,47.43,8/5/2020,12:49.1
313,9559.98,210.06,47,10/5/2020,12:50.2
314,8729.86,187.65,42.1,11/5/2020,12:51.0
315,8803.97,189.93,42.23,13/5/2020,12:51.4
316,9320.85,199.92,43.27,14/5/2020,12:52.3
317,9810.01,211.65,47.73,9/5/2020,12:52.5
318,8534.85,185.79,41.5,12/5/2020,12:53.0
319,9849,204.3,44.16,15/5/2020,12:53.0
320,9312.1,194.66,42.7,16/5/2020,12:53.4
321,9728.52,214.86,45.32,19/5/2020,12:53.4
322,9325.81,199.1,43.21,17/5/2020,12:53.4
323,9168.84,207.3,44.25,23/5/2020,12:54.7
324,9509.4,209.95,44.23,21/5/2020,12:54.7
325,9677.45,206.99,43.64,18/5/2020,12:54.7
326,9783.57,214.8,45.77,20/5/2020,12:54.7
327,9059.32,198.61,42.69,22/5/2020,12:55.0
328,9181.09,206.61,43.86,24/5/2020,13:18.1
329,8844.41,200.76,42.23,27/5/2020,13:18.8
330,8632.93,198.01,41.76,25/5/2020,13:19.9
331,9423.85,220.55,44.5,30/5/2020,13:19.9
332,8900,204.13,43.07,26/5/2020,13:20.7
333,9417.42,230.59,45.34,1/6/2020,13:21.2
334,9609.02,220.39,44.76,29/5/2020,13:21.2
335,9705.6,243.85,47.81,31/5/2020,13:21.3
336,9208.53,208.41,43.85,28/5/2020,13:21.5
337,10237.6,248.42,48.29,2/6/2020,13:21.8
338,9521.53,237.7,46.04,3/6/2020,13:21.9
339,9668.06,244.59,47.19,4/6/2020,13:22.1
340,9791.96,243.18,47.45,5/6/2020,13:22.8
341,9613.42,240.04,46.76,6/6/2020,13:23.0
342,9670.28,241.92,46.75,7/6/2020,13:23.1
343,9750.12,244.79,46.65,8/6/2020,13:23.2
344,9894.35,248.27,46.71,11/6/2020,13:48.6
345,9227,227.84,42.78,12/6/2020,13:49.2
346,9779.7,244.04,45.89,10/6/2020,13:49.7
347,9781.51,246.55,46.5,9/6/2020,13:50.3
348,9328.63,231.34,43.96,15/6/2020,13:50.3
349,9481,238.18,45.08,14/6/2020,13:50.4
350,9432.57,230.96,43.77,16/6/2020,13:50.8
351,9464.71,237.57,44.69,13/6/2020,13:51.1
352,9457.51,233.69,44.04,18/6/2020,13:51.4
353,9526.25,235.35,43.89,17/6/2020,13:51.4
354,9300.42,228.67,42.81,20/6/2020,13:51.7
355,9376.14,231.05,43.39,19/6/2020,13:51.9
356,9267.58,227.2,42.91,22/6/2020,13:53.0
357,9355.74,228.8,43.61,21/6/2020,13:53.0
358,9690.67,243.24,44.36,23/6/2020,13:53.0
359,9623.56,243.08,44.16,24/6/2020,13:53.0
360,9285.94,234.44,42.57,25/6/2020,14:18.8
361,9242.98,231.94,42.31,26/6/2020,14:19.5
362,9002.38,220.74,41.03,28/6/2020,14:19.9
363,9188.79,227.81,41.88,30/6/2020,14:20.6
364,9155.42,229.45,43.07,27/6/2020,14:20.6
365,9239.41,231.15,41.8,2/7/2020,14:21.2
366,9059.73,224.5,41.08,4/7/2020,14:22.9
367,9113.23,224.94,41.34,29/6/2020,14:22.9
368,9091.98,226.43,41.07,3/7/2020,14:22.9
369,9135.91,225.5,40.96,1/7/2020,14:22.9
370,9074.37,227.62,41.59,6/7/2020,14:23.0
371,9343.31,241.71,44.05,7/7/2020,14:23.0
372,9253.94,239.37,43.39,8/7/2020,14:23.0
373,9446.62,247.11,45.39,9/7/2020,14:23.3
374,9138.51,229.34,42.22,5/7/2020,14:23.4
375,9236.95,242.12,44.36,10/7/2020,14:24.1
376,9235,239.18,44.74,12/7/2020,14:49.0
377,9303.38,242.81,44.76,13/7/2020,14:49.1
378,9190.8,238.35,43.29,16/7/2020,14:49.8
379,9303.04,241.58,44.33,11/7/2020,14:50.2
380,9236.91,239.25,43.84,14/7/2020,14:50.2
381,9256.94,240.4,43.87,15/7/2020,14:50.7
382,9175.83,235.69,42.45,19/7/2020,14:50.8
383,9154.29,232.59,41.87,18/7/2020,14:51.1
384,9130.93,233.47,42.07,17/7/2020,14:51.1
385,9394.14,245.64,43.78,22/7/2020,14:52.3
386,9536.2,264.28,45.06,23/7/2020,14:52.3
387,9161.05,235.77,41.89,21/7/2020,14:52.3
388,9223.51,239.8,42.69,20/7/2020,14:52.4
389,9613.24,275.56,44.96,24/7/2020,14:52.5
390,9551.21,279.62,44.09,25/7/2020,14:53.6
391,9711.79,305.55,49.23,26/7/2020,14:53.6
392,10934.22,317.52,55.86,29/7/2020,15:19.6
393,9941,311.38,48.13,27/7/2020,15:20.2
394,11048.05,322.41,53.39,28/7/2020,15:20.3
395,11115.99,335.25,56.84,31/7/2020,15:20.9
396,11351.61,346.86,58.21,1/8/2020,15:21.3
397,11108.16,318.15,55.2,30/7/2020,15:21.4
398,11810.07,387.4,61.72,2/8/2020,15:21.9
399,10911.74,366.34,55.72,3/8/2020,15:22.4
400,11197.05,389.76,57.65,5/8/2020,15:22.4
401,11233.16,386.27,58.55,4/8/2020,15:22.7
402,11756.75,401.21,58.94,6/8/2020,15:22.9
403,11773.89,395.28,59.08,7/8/2020,15:23.1
404,11606.52,379.76,57.23,8/8/2020,15:23.3
405,11899.87,395.77,58.29,11/8/2020,15:24.5
406,11688.25,390.41,57.01,10/8/2020,15:24.5
407,11773.24,401,58.46,9/8/2020,15:24.5
408,11566.44,387.27,54.54,13/8/2020,15:50.0
409,11777.5,438.83,56.84,15/8/2020,15:50.4
410,11388.88,378.92,54.1,12/8/2020,15:51.2
411,11795.95,425,57.22,14/8/2020,15:51.2
412,11860.02,432.67,59.91,16/8/2020,15:51.3
413,11918.84,433.71,63.94,17/8/2020,15:52.5
414,11954.22,422.31,65.45,19/8/2020,15:52.9
415,11529.99,388,59.09,22/8/2020,15:53.0
416,11864.26,415.92,62.82,21/8/2020,15:53.0
417,11758.87,407.6,62.13,20/8/2020,15:53.0
418,12303.98,431.5,67.29,18/8/2020,15:53.7
419,11672.92,395.52,60.28,23/8/2020,15:54.0
420,11463.27,386.12,58.09,27/8/2020,15:55.1
421,11753.26,409.31,62.05,25/8/2020,15:55.1
422,11324.92,383.26,58.35,26/8/2020,15:55.1
423,11650.01,390.78,60.61,24/8/2020,15:55.1
424,11463.87,398.24,56.94,30/8/2020,16:20.5
425,11716,428.92,62.9,31/8/2020,16:21.0
426,11535,395.35,57.4,29/8/2020,16:21.4
427,11330.56,383.27,56.16,28/8/2020,16:21.7
428,11655,433.88,60.93,1/9/2020,16:22.2
429,11395.49,439.99,58.12,3/9/2020,16:22.3
430,10172.13,382.15,50.06,4/9/2020,16:23.0
431,10169.58,335.25,47.83,6/9/2020,16:23.3
432,10258.67,352.85,47.89,7/9/2020,16:23.3
433,10511.81388,388.2411404,50.61197823,5/9/2020,16:23.3
434,11924.22,475.57,62.66,2/9/2020,16:23.3
435,10375,353.71,48.88,8/9/2020,16:23.9
436,10216.41,350.23,47.81,10/9/2020,16:23.9
437,10126.41,337.48,47.47,9/9/2020,16:23.9
438,10394.41,373.93,48.99,12/9/2020,16:24.9
439,10344.24,367.94,48.74,11/9/2020,16:24.9
440,10336.76,366.58,48.19,14/9/2020,16:49.7
441,10678.41,377.27,49.08,15/9/2020,16:50.1
442,10446.52,387.82,50.85,13/9/2020,16:50.6
443,10783.36,364.05,48.32,16/9/2020,16:51.1
444,10943.99,389.52,48.88,18/9/2020,16:51.1
445,10957.06,365.22,47.65,17/9/2020,16:51.7
446,10355,340.36,42.77,22/9/2020,16:52.5
447,10937.5,384.6,48.55,19/9/2020,16:52.9
448,11081.37,385.31,48.49,20/9/2020,16:52.9
449,10920.94,371.03,47.1,21/9/2020,16:52.9
450,10531.13,344.25,44.49,23/9/2020,16:53.2
451,10690.53,352.12,46.04,26/9/2020,16:53.5
452,10237.41,320.65,42.97,24/9/2020,16:53.5
453,10740,349.14,44.94,25/9/2020,16:54.2
454,10730,354.01,46.08,27/9/2020,16:54.4
455,10779,357.53,46.1,28/9/2020,16:54.5
456,10779.63,360.01,46.33,1/10/2020,17:23.2
457,10694.9,353.68,45.2,29/9/2020,17:23.2
458,10573.12,345.74,44.94,3/10/2020,17:23.3
459,10847,359.93,45.67,30/9/2020,17:23.3
460,10670.01,352.42,46.68,5/10/2020,17:25.2
461,10601.2,340.8,45.95,7/10/2020,17:25.2
462,10550.32,346.18,45.59,4/10/2020,17:25.2
463,10616.35,352.84,46.15,2/10/2020,17:25.3
464,10800,355.33,46.35,6/10/2020,17:25.8
465,10670.47,341.7,46.56,8/10/2020,17:26.3
466,10932.44,351.17,47.25,9/10/2020,17:27.4
467,11055.75,365.02,47.82,10/10/2020,17:27.4
468,11374.01,374.37,50.47,12/10/2020,17:27.6
469,11299.52,370.73,48.86,11/10/2020,17:27.6
470,11535.46,387.88,50.72,13/10/2020,17:27.6
471,11428.22,381.37,49.97,14/10/2020,17:28.5
472,11427.7,379.01,49.81,15/10/2020,17:50.7
473,11514.2,378.56,47.58,19/10/2020,17:51.8
474,11509.31,377.89,49.55,16/10/2020,17:52.3
475,11760.45,379.53,48.01,20/10/2020,17:52.3
476,11328.27,365.57,47.67,17/10/2020,17:52.4
477,12808.01,391.33,53.09,22/10/2020,17:52.9
478,12938,409.55,55.45,24/10/2020,17:53.4
479,11900.01,368.81,46.9,21/10/2020,17:53.8
480,12988.2,414.64,54.42,23/10/2020,17:53.8
481,11367.9,368.48,46.81,18/10/2020,17:54.2
482,13126.34,412.58,59.18,25/10/2020,17:54.3
483,13045.02,406.32,58.88,26/10/2020,17:54.5
484,13061.28,393.07,56.83,27/10/2020,17:54.7
485,13460,387.49,54.93,30/10/2020,17:56.0
486,13281.06,388.59,55.84,29/10/2020,17:56.0
487,13740.85,404.56,57.81,28/10/2020,17:56.0
488,13771.7,396.91,55.67,2/11/2020,18:22.2
489,13563.22,383.33,53.85,3/11/2020,18:22.3
490,13803.69,386.72,55.71,1/11/2020,18:22.3
491,14165.86,403.19,54.77,5/11/2020,18:22.6
492,14034.35,388.33,54.08,4/11/2020,18:22.7
493,13571.51,382.77,54.11,31/10/2020,18:22.7
494,15482.89,454.61,60.98,9/11/2020,18:24.1
495,15599.95,456.69,63.35,7/11/2020,18:24.1
496,14834.09,435.59,58.68,8/11/2020,18:24.1
497,15315.46,450.89,57.99,11/11/2020,18:24.1
498,15608.06,417.29,59.02,6/11/2020,18:24.1
499,15705.79,463.75,59.33,12/11/2020,18:25.2
500,15342.1,444.84,59.29,10/11/2020,18:25.3
501,16082.01,461.21,63.89,15/11/2020,18:26.3
502,16339.6,478,66.34,14/11/2020,18:26.3
503,16310.81,462.91,60.74,13/11/2020,18:26.3
504,16726.49,460.05,73.82,17/11/2020,18:51.1
505,17790.18,479,73.49,19/11/2020,18:51.6
506,18437.18,560.78,82.95,23/11/2020,18:52.9
507,15970,448.6,62.16,16/11/2020,18:53.5
508,18677.84,510.6,82.65,21/11/2020,18:54.1
509,17821.92,471.92,81.61,20/11/2020,18:54.7
510,17679.86,482.75,76.37,18/11/2020,18:54.7
511,17155.43,519.04,69.24,28/11/2020,18:55.3
512,18384.82,609.26,89.13,24/11/2020,18:55.3
513,19172.9,606.49,89.35,25/11/2020,18:55.4
514,18717.24,569.19,81.7,26/11/2020,18:55.6
515,18721.21,553.06,87.23,22/11/2020,18:55.9
516,17169.99,520.35,71.12,27/11/2020,18:56.0
517,17736.1,537.97,72.75,29/11/2020,18:56.0
518,19713.94,617,87.69,1/12/2020,18:57.0
519,18201.47,576.9,79.01,30/11/2020,18:57.0
520,19446.43,616.46,89.04,4/12/2020,19:23.4
521,18778.18,585.87,85.18,2/12/2020,19:23.9
522,19222.45,597.03,88.96,3/12/2020,19:23.9
523,19432.57,603.4,83.58,7/12/2020,19:24.5
524,18316.22,554.8,76.7,9/12/2020,19:24.9
525,19158.96,597.29,83.18,6/12/2020,19:25.0
526,18658.09,567.76,79.54,5/12/2020,19:25.7
527,19177.08,591.53,83.44,8/12/2020,19:25.8
528,18293.08,560.62,75.09,11/12/2020,19:25.8
529,18556.42,575.62,77.64,10/12/2020,19:26.1
530,18821.28,568.64,76.67,13/12/2020,19:26.4
531,19166.65,590.45,82.2,14/12/2020,19:26.8
532,18023.57,543.22,72.02,12/12/2020,19:26.8
533,21360.5,637.91,92.94,17/12/2020,19:28.0
534,19443.19,589.08,81.4,16/12/2020,19:28.0
535,19272.37,586.4,82.4,15/12/2020,19:28.0
536,23476.51,638.19,114.65,21/12/2020,19:53.8
537,22729.4,608.07,104.49,22/12/2020,19:53.9
538,22826.37,643.26,101.06,18/12/2020,19:53.9
539,23824.13,636.73,114.28,23/12/2020,19:54.0
540,23138.89,654.66,109.45,19/12/2020,19:54.0
541,23850,658.8,120.04,20/12/2020,19:54.1
542,23226.18,585.37,102.46,24/12/2020,19:54.6
543,26482.64,636.85,129.56,27/12/2020,19:56.6
544,24704.71,626.71,127.8,26/12/2020,19:56.6
545,28897.42,752.87,130.09,31/12/2020,19:56.7
546,23718.61,612.25,111.17,25/12/2020,19:56.7
547,26086.19,680.9,126.21,28/12/2020,19:56.7
548,27039.39,729.65,129.67,29/12/2020,19:56.8
549,28990.08,737.89,124.42,1/1/2021,19:56.9
550,27366.35,731.79,128.7,30/12/2020,19:57.0
551,29413.29,730.97,126.53,2/1/2021,19:57.8
552,32222.88,775.29,137.1,3/1/2021,20:22.0
553,32020.22,1042.24,155.48,5/1/2021,20:22.6
554,33082.84,980.44,161.44,4/1/2021,20:22.6
555,34043.91,1103.71,159.01,6/1/2021,20:23.0
556,40642.15,1217.31,172.46,9/1/2021,20:23.4
557,39510.55,1227.55,169.75,8/1/2021,20:23.5
558,36859.26,1212.68,169.45,7/1/2021,20:23.9
559,40257.43,1281.25,177.9,10/1/2021,20:23.9
560,38273.88,1260.24,170.72,11/1/2021,20:24.6
561,34035.53,1050.46,133.36,13/1/2021,20:25.2
562,39123.05,1231.59,152.38,15/1/2021,20:25.5
563,35456.89,1088.55,139.35,12/1/2021,20:25.6
564,36754.6,1169.04,143.75,16/1/2021,20:25.7
565,36004.8,1227.76,143.58,17/1/2021,20:26.8
566,37393.67,1130.79,147.55,14/1/2021,20:26.8
567,35820.01,1232.6,142.76,18/1/2021,20:28.0
568,36624.23,1258.55,151.81,19/1/2021,20:53.2
569,35628.24,1390,150.35,21/1/2021,20:53.4
570,30855.9,1110.61,129.65,22/1/2021,20:54.2
571,32982.66,1233.42,137.75,23/1/2021,20:54.3
572,35921.91,1367.7,151.89,20/1/2021,20:54.7
573,32110,1221.66,137.78,24/1/2021,20:54.7
574,32584.62,1375.91,135.13,27/1/2021,20:55.5
575,32293.18,1394.04,141.17,25/1/2021,20:55.5
576,30414.11,1240.62,122.7,28/1/2021,20:56.1
577,32260.52,1317.98,137.06,26/1/2021,20:56.1
578,33137.75,1313.95,129.61,1/2/2021,20:56.4
579,34315.63,1380,133.53,31/1/2021,20:56.4
580,34262.11,1380.04,134.88,30/1/2021,20:56.4
581,33487.92,1333.61,133.73,29/1/2021,20:57.0
582,35513,1513.85,142.12,3/2/2021,20:57.1
583,33450,1374.55,131.84,2/2/2021,20:57.1
584,36976.59,1597.34,145.25,5/2/2021,21:23.5
585,37688.42,1668.71,156.31,4/2/2021,21:23.7
586,39266.1,1679.76,155.98,7/2/2021,21:24.2
587,46453.66,1752.98,167.6,9/2/2021,21:24.5
588,38871.43,1615.51,151.03,8/2/2021,21:24.6
589,44850,1742.51,181.73,11/2/2021,21:25.1
590,46514.73,1771.91,181.79,10/2/2021,21:25.1
591,47408.34,1844.78,197.2,13/2/2021,21:25.8
592,38250,1721.06,155.18,6/2/2021,21:25.9
593,47993.6,1787.33,183.71,12/2/2021,21:26.2
594,47240.75,1817.85,226.47,14/2/2021,21:26.2
595,48667.23,1803.25,213.92,15/2/2021,21:26.5
596,47935.66,1780.59,208.1,16/2/2021,21:26.5
597,49141.43,1782.14,210.17,17/2/2021,21:27.3
598,52170.01,1851.47,239.11,18/2/2021,21:27.3
599,51596,1939.64,226.69,19/2/2021,21:28.6
600,55921.44,1915.01,227.04,21/2/2021,21:54.1
601,49737.81,1625.27,181.59,25/2/2021,21:54.7
602,55983.57,1957.9,236.68,20/2/2021,21:54.7
603,54206.22,1783.22,208.94,23/2/2021,21:54.8
604,48899.99,1577.84,177.5,24/2/2021,21:55.2
605,57577.69,1938.95,227.72,22/2/2021,21:55.2
606,46319.79,1445.09,170.27,27/2/2021,21:55.3
607,47063.9,1482.05,179.4,26/2/2021,21:55.6
608,49635.3,1571.87,176.08,2/3/2021,21:55.7
609,45231.74,1421.8,165.58,1/3/2021,21:55.7
610,46169.92,1460.49,171.97,28/2/2021,21:56.2
611,48502.18,1488.34,179.27,3/3/2021,21:56.7
612,50370.33,1568.4,187.62,4/3/2021,21:57.0
613,48766.01,1528.82,180.36,6/3/2021,21:58.2
614,48370.97,1539.53,180.59,5/3/2021,21:58.2
615,48909.83,1651.75,182.88,7/3/2021,21:58.2
616,50976.22,1727.95,190.83,8/3/2021,22:23.5
617,57220.84,1766.76,220.83,13/3/2021,22:24.3
618,52413.17,1834.88,191.91,9/3/2021,22:24.3
619,58065.92,1841.96,201.47,12/3/2021,22:24.4
620,55888.7,1795.55,200.32,11/3/2021,22:26.3
621,54921.61,1871.93,204.02,10/3/2021,22:26.4
622,61181.38,1921.76,226.1,14/3/2021,22:26.4
623,58972.71,1848.56,214.02,15/3/2021,22:26.5
624,57644.95,1776.4,199.74,19/3/2021,22:26.5
625,56924.26,1805.7,201.67,17/3/2021,22:26.5
626,55629.08,1794.08,200.65,16/3/2021,22:26.6
627,58925.54,1824.45,206.1,18/3/2021,22:26.6
628,58026.91,1808.95,199.88,20/3/2021,22:27.0
629,58126.34,1806.04,200.16,21/3/2021,22:27.8
630,57377.29,1784.11,195.62,22/3/2021,22:27.9
631,54111.49,1681.4,185.73,23/3/2021,22:28.0
632,54333.27,1668.37,185.85,24/3/2021,22:54.0
633,52259.69,1581.97,175.95,25/3/2021,22:54.7
634,55856.54,1713.96,184.11,28/3/2021,22:55.1
635,55080.9,1699.97,183.71,27/3/2021,22:55.2
636,51250,1586.81,171.47,26/3/2021,22:55.3
637,55781.22,1686.92,184.24,29/3/2021,22:55.7
638,57613.76,1815.73,193.68,30/3/2021,22:56.0
639,58800.01,1919.99,196.9,1/4/2021,22:56.3
640,58786.46,1841.03,195.74,31/3/2021,22:56.4
641,58726.47,1968.74,202.74,2/4/2021,22:57.1
642,58981.04,2139.33,211.4,3/4/2021,22:57.4
643,58216.73,2076.31,202.26,5/4/2021,22:57.5
644,57094.34,1980,191.9,4/4/2021,22:57.5
645,59134.07,2107.45,221.42,6/4/2021,22:57.7
646,55962.67,1964.69,219.2,8/4/2021,22:58.8
647,58021.67,2113.55,237.23,7/4/2021,22:58.8
648,58092.68,2066.5,221.12,10/4/2021,23:24.4
649,58083.1,2081.29,226.17,9/4/2021,23:25.1
650,59983.66,2150.54,252.31,12/4/2021,23:25.2
651,63588.22,2300.01,267.77,14/4/2021,23:25.8
652,59799.01,2135.9,244.33,13/4/2021,23:25.8
653,62971.8,2432.16,278.75,15/4/2021,23:26.2
654,59778.59,2133.07,256.25,11/4/2021,23:26.3
655,56273.65,2241.67,274.13,19/4/2021,23:27.0
656,61427.27,2426.64,308.86,17/4/2021,23:27.1
657,60067.2,2319.11,305.33,18/4/2021,23:27.4
658,63229.04,2517.03,286.18,16/4/2021,23:27.7
659,56477.67,2332.18,260.87,21/4/2021,23:27.9
660,55696.83,2163.69,261.7,20/4/2021,23:28.0
661,53795.62,2357.74,257.84,22/4/2021,23:28.0
662,51695.98,2399.21,252.74,23/4/2021,23:28.2
663,51260.61,2371.18,241.79,24/4/2021,23:29.2
664,50101.42,2216.18,225.28,25/4/2021,23:55.0
665,54047.8,2533.99,247.6,27/4/2021,23:55.4
666,48817.62,2306.03,221.25,26/4/2021,23:55.5
667,54889.81,2751.56,258.79,29/4/2021,23:55.9
668,53580,2758.92,255.5,30/4/2021,23:56.1
669,55069.61,2667.86,259.99,28/4/2021,23:56.6
670,56625.21,2952.08,268.64,3/5/2021,23:57.2
671,57247.24,3433.99,294.91,4/5/2021,23:57.2
672,57972.26,2948.92,277.64,2/5/2021,23:57.3
673,57798.77,2776.76,271.6,1/5/2021,23:57.4
674,52913.02,3201.33,300.98,5/5/2021,23:58.2
675,56444.82,3492.33,354.52,7/5/2021,23:58.3
676,57515.69,3529.96,356.5,6/5/2021,23:58.3
677,57380.39,3484.69,345.27,8/5/2021,23:58.3
678,58958.06,3917.26,347.75,9/5/2021,23:58.3
679,58313.84,3928.41,388.13,10/5/2021,23:58.5
680,49682.28,3695,318.3,14/5/2021,24:26.3
681,55866.38,3949.45,359.35,11/5/2021,24:26.5
682,46000,3525.62,310.9,13/5/2021,24:26.8
683,49893.48,4080.51,326.52,15/5/2021,24:28.5
684,56753.19,4179.77,378.16,12/5/2021,24:28.6
685,40623.24,2775.06,211.15,21/5/2021,24:28.6
686,46646.15,3590,296.76,17/5/2021,24:28.9
687,36735.44,2443.91,186.65,20/5/2021,24:28.9
688,37476.84,2296.68,169.47,23/5/2021,24:28.9
689,37333.09,2434.86,180.33,22/5/2021,24:28.9
690,46771.01,3648.16,300.11,16/5/2021,24:29.0
691,42865.05,3376.98,294.13,19/5/2021,24:29.0
692,43571.89,3241.06,278.49,18/5/2021,24:29.2
693,34758.88,2100.07,142.73,24/5/2021,24:29.4
694,38874.53,2651.57,185.56,25/5/2021,24:29.4
695,38361.81,2707.75,183.95,26/5/2021,24:30.2
696,39293.23,2893.96,199.26,27/5/2021,24:54.7
697,38556.88,2745.25,194.42,28/5/2021,24:55.2
698,35680.48,2413.28,177.48,29/5/2021,24:55.3
699,34627.81,2280.78,164.15,30/5/2021,24:55.8
700,35669.44,2387.65,170.63,31/5/2021,24:55.9
701,36684.99,2634.46,183,2/6/2021,24:56.2
702,37276.23,2707.87,188.05,1/6/2021,24:56.3
703,37581.83,2706.87,187.19,3/6/2021,24:56.8
704,39291.24,2859.85,193.8,4/6/2021,24:56.8
705,33402.13,2509.1,160.73,9/6/2021,24:58.1
706,33567.26,2592.47,161.98,8/6/2021,24:58.1
707,35800.48,2710.97,176.38,7/6/2021,24:58.1
708,36856.53,2691.13,178.62,5/6/2021,24:58.1
709,35539.97,2629.45,171.82,6/6/2021,24:58.2
710,37404.75,2625,172.69,10/6/2021,24:58.2
711,36694.91,2471.59,168.46,11/6/2021,24:59.2
712,37340.08,2355.11,162.88,12/6/2021,25:25.4
713,40158.06,2543.57,175.2,16/6/2021,25:27.4
714,39159.62,2477.33,166.99,14/6/2021,25:27.5
715,38103.94,2373.33,167.18,18/6/2021,25:27.6
716,40537.93,2582.45,179.98,15/6/2021,25:27.6
717,35557.32,2371.85,161.86,13/6/2021,25:27.6
718,38351,2368.24,166.58,17/6/2021,25:27.7
719,35840.96,2234.8,156.44,19/6/2021,25:27.7
720,31609.82,1885.49,124.4,22/6/2021,25:29.3
721,33688.51,1968.36,129.22,24/6/2021,25:29.3
722,35741.54,2259.1,155.45,21/6/2021,25:29.3
723,35484.8,2165.13,152.58,20/6/2021,25:29.3
724,32538.9,1881.24,119.78,23/6/2021,25:29.4
725,34654.87,1988.81,134.54,25/6/2021,25:29.5
726,32267.59,1829,126.76,27/6/2021,25:30.9
727,31594.62,1809.07,124.97,26/6/2021,25:30.9
728,34708.53,1984.84,132.64,28/6/2021,25:56.8
729,35906.17,2165.64,144.19,30/6/2021,25:57.4
730,33510.93,2107.75,137.04,2/7/2021,25:58.2
731,34493.22,2074.53,137.71,29/6/2021,25:58.7
732,34685.03,2227.46,140.22,4/7/2021,25:59.3
733,33805.01,2156,136.9,3/7/2021,26:00.4
734,35066.54,2277.44,144.43,1/7/2021,26:00.5
735,33697.78,2195.02,137.82,6/7/2021,26:00.7
736,34225.72,2322.2,138.88,7/7/2021,26:00.7
737,33934.62,2325.46,137.47,8/7/2021,26:00.9
738,35290.82,2324.44,145,5/7/2021,26:00.9
739,32875.95,2116.3,132.12,9/7/2021,26:01.2
740,33515.35,2110.56,134.03,11/7/2021,26:01.7
741,33824.25,2147.38,134.61,10/7/2021,26:02.8
742,34259.22,2141.45,134.29,12/7/2021,26:02.8
743,33077.43,2030.74,133.37,13/7/2021,26:02.8
744,32734.14,1940.34,131.43,14/7/2021,26:26.6
745,31872.49,1918.99,125.92,16/7/2021,26:27.3
746,31786.37,1891.46,119.2,19/7/2021,26:27.8
747,31533.9,1899.75,120.04,18/7/2021,26:28.4
748,32152.68,1996.21,117.77,22/7/2021,26:29.0
749,31389.57,1877.22,120.71,17/7/2021,26:29.0
750,32815.75,1994.12,131.02,15/7/2021,26:29.4
751,29796.15,1786.51,107.3,21/7/2021,26:29.8
752,32287.75,2024.75,120.74,23/7/2021,26:30.0
753,33647.27,2125.82,124.3,24/7/2021,26:30.0
754,30842.04,1818.45,113.2,20/7/2021,26:30.2
755,34291.67,2186.76,126.09,25/7/2021,26:30.4
756,37262.76,2228.71,131.09,27/7/2021,26:30.4
757,40035.1,2300.76,140.48,29/7/2021,26:31.5
758,35251.54,2172.99,127.03,26/7/2021,26:31.5
759,39475.99,2300.28,134.75,28/7/2021,26:31.5
760,42414.61,2463.88,145.61,31/7/2021,26:57.3
761,41499,2511.5,144.46,1/8/2021,26:57.3
762,39859.18,2555.99,140.31,2/8/2021,26:57.9
763,39149.59,2608.12,141.35,3/8/2021,26:57.9
764,40039.44,2383.47,141.57,30/7/2021,26:58.7
765,39718.9,2724.71,142.54,5/8/2021,26:58.7
766,38189.4,2508.16,138.47,4/8/2021,26:58.8
767,40888.73,2829.49,143.6,6/8/2021,26:59.4
768,42869.59,2892.83,148.06,7/8/2021,26:59.7
769,43829.15,3014.12,149.81,9/8/2021,27:00.6
770,46280,3162.33,166.31,10/8/2021,27:00.7
771,44628.11,3163.09,156.06,8/8/2021,27:00.8
772,45601.82,3142.18,165.45,11/8/2021,27:00.9
773,44422.15,3047.21,165.53,13/8/2021,27:02.0
774,47833.64,3324.51,183.43,14/8/2021,27:02.0
775,45553.1,3162.16,170.72,12/8/2021,27:02.0
776,47014.38,3311.02,184.76,16/8/2021,27:26.8
777,45903.22,3146.6,177.93,17/8/2021,27:27.5
778,47109.64,3266.52,182.92,15/8/2021,27:28.0
779,44709.1,3014.38,166.58,19/8/2021,27:28.0
780,46769.02,3178.65,175.57,20/8/2021,27:28.5
781,49349.99,3286.82,183.7,21/8/2021,27:28.8
782,44675.34,3011.77,168.55,18/8/2021,27:28.9
783,48870.21,3226.38,179.72,22/8/2021,27:29.2
784,49284.38,3241.41,185.97,23/8/2021,27:29.2
785,49504.53,3322.76,186.97,24/8/2021,27:29.6
786,48991.57,3228.51,177.78,26/8/2021,27:29.8
787,47682.45,3170.94,173.4,25/8/2021,27:29.9
788,49081.08,3290.51,177.15,28/8/2021,27:30.6
789,48802.58,3226.45,174.48,30/8/2021,27:30.6
790,46851.47,3092.71,167.71,27/8/2021,27:30.6
791,48942.89,3247.99,175.78,29/8/2021,27:31.8
792,46996.8,3229.02,167.39,31/8/2021,27:58.3
793,47110.33,3430,171.6,1/9/2021,27:58.5
794,49279.38,3788.2,183.46,3/9/2021,27:59.0
795,48834.27,3838.28,180.86,2/9/2021,27:59.0
796,49944.89,3887.58,212.17,5/9/2021,27:59.7
797,51789.17,3951.68,232.41,6/9/2021,27:59.8
798,52698.8,3928.72,219.47,7/9/2021,28:00.3
799,50025,3940.06,213.29,4/9/2021,28:00.4
800,46894.49,3436.75,178.54,8/9/2021,28:00.5
801,46396.26,3424.32,180.45,10/9/2021,28:00.6
802,46059.94,3499.54,179.8,9/9/2021,28:00.7
803,45173.66,3266.97,178.59,12/9/2021,28:01.1
804,44730.29,3199.88,174.12,11/9/2021,28:01.3
805,46027.8,3403.81,183.01,13/9/2021,28:01.4
806,44953.23,3285.66,179.4,14/9/2021,28:01.6
807,47127.81,3436.29,183.13,15/9/2021,28:02.7
808,47753.15,3568.77,185.33,17/9/2021,28:28.1
809,48144.03,3615.68,189.26,16/9/2021,28:28.3
810,47306.87,3400,180,18/9/2021,28:28.9
811,48379.19,3436.59,181.72,19/9/2021,28:29.0
812,43007.69,2976.36,157.16,21/9/2021,28:29.3
813,40736.81,2765.33,148.59,22/9/2021,28:29.5
814,47358.92,3346.58,176.13,20/9/2021,28:29.8
815,44896.55,3154.42,163.89,24/9/2021,28:30.2
816,43575.19,3078.42,161.45,23/9/2021,28:30.8
817,42166.31,2926.27,145.07,28/9/2021,28:31.1
818,42848.44,2930.59,152.27,25/9/2021,28:31.1
819,42705.51,2923.91,151.01,26/9/2021,28:31.6
820,41030.19,2805.64,140.55,29/9/2021,28:31.6
821,41519.11,2849.71,144.76,30/9/2021,28:31.8
822,43172.17,3059.92,150.67,27/9/2021,28:31.8
823,43828.89,3001.14,153.32,1/10/2021,28:31.9
824,47663.74,3388.67,168.99,3/10/2021,28:59.3
825,48233.99,3419.63,170.59,4/10/2021,28:59.3
826,51499.77,3517.26,173.81,6/10/2021,28:59.3
827,53805.46,3588.83,178.65,8/10/2021,28:59.3
828,48165.76,3311.2,166.28,2/10/2021,28:59.3
829,49244.13,3386.9,167.57,5/10/2021,28:59.3
830,55356.85,3576.45,178.5,7/10/2021,28:59.4
831,53965.18,3563.96,175.97,9/10/2021,29:00.8
832,57367.32,3608.43,177.69,14/10/2021,29:01.0
833,56005.1,3490.17,172.62,13/10/2021,29:01.0
834,54411.54,3373.45,172.41,11/10/2021,29:01.0
835,57485.97,3542.2,179.22,12/10/2021,29:01.1
836,54963.29,3575.2,179.99,10/10/2021,29:01.1
837,57359.51,3791.06,181.47,15/10/2021,29:01.3
838,60867.05,3829.7,186,17/10/2021,29:02.6
839,61690.32,3869.73,189.62,16/10/2021,29:02.6
840,62042.4,3745.13,185.59,19/10/2021,29:28.5
841,64303.14,3878.35,188.73,20/10/2021,29:29.2
842,66021.26,4161.83,207.33,21/10/2021,29:29.2
843,62204.01,4053.97,196.82,22/10/2021,29:29.7
844,61300.02,4168.53,196.35,24/10/2021,29:29.7
845,60847.91,4082.09,190.39,25/10/2021,29:30.2
846,63081.96,4221.16,195.47,26/10/2021,29:30.8
847,60333.19,4132.19,197.56,27/10/2021,29:31.2
848,58462.73,3925.26,179.27,28/10/2021,29:31.6
849,60682.88,3971.89,190.99,23/10/2021,29:31.7
850,60591.63,4288.25,189.94,29/10/2021,29:31.7
851,61896.38,4325.55,190.34,31/10/2021,29:32.7
852,60956.4,4322.89,197.7,2/11/2021,29:32.7
853,62379.2,4435,197.38,30/10/2021,29:32.7
854,61346.17,4290.31,192.01,1/11/2021,29:32.8
855,61444.49,4537.14,202.78,5/11/2021,29:59.7
856,63266.5,4594.27,201.07,3/11/2021,29:59.8
857,62935.4,4606.07,207.33,4/11/2021,29:59.8
858,61006.14,4479.47,199.07,6/11/2021,29:59.8
859,63309.12,4616.5,202.18,8/11/2021,30:01.5
860,64912.2,4632.23,260.17,11/11/2021,30:01.5
861,67554.13,4811.89,229.12,9/11/2021,30:01.6
862,61539.3,4523.73,197.8,7/11/2021,30:01.6
863,64807.73,4721.07,262.3,12/11/2021,30:01.7
864,66933.06,4718.06,258.63,10/11/2021,30:02.0
865,63624.6,4564.98,263.2,16/11/2021,30:03.2
866,60101.56,4209.89,230.48,17/11/2021,30:03.2
867,65505.03,4626.61,279.39,15/11/2021,30:03.2
868,64400.01,4644.43,257.74,14/11/2021,30:03.2
869,64144.42,4667.79,251.23,13/11/2021,30:03.2
870,56898.46,3998.57,204.15,19/11/2021,30:28.2
871,59760.76,4416.36,227.01,21/11/2021,30:28.8
872,60351.51,4289.4,229.64,18/11/2021,30:29.3
873,58671.22,4263.04,221.96,22/11/2021,30:29.4
874,58122.15,4299.55,218.12,20/11/2021,30:29.4
875,57607.97,4341.58,216.28,24/11/2021,30:29.8
876,56280.81,4089.17,209.13,23/11/2021,30:31.3
877,53757.67,4043.62,195.76,27/11/2021,30:31.3
878,57158.58,4270.93,212.21,25/11/2021,30:31.3
879,54759.04,4098.53,195.24,28/11/2021,30:31.3
880,58994.72,4527.03,223.13,26/11/2021,30:31.4
881,57838.06,4449.42,205.81,30/11/2021,30:31.6
882,57318.51,4298.38,199.68,29/11/2021,30:31.6
883,56998.35,4636.43,208.01,1/12/2021,30:32.4
884,57226.51,4586.87,208.97,2/12/2021,30:32.4
885,49235.26,4123.13,162.91,5/12/2021,30:59.1
886,49484.21,4203.22,156.6,6/12/2021,30:59.2
887,56521.45,4514.54,203.52,3/12/2021,30:59.7
888,53633.02,4216.3,188.1,4/12/2021,31:00.2
889,50625.24,4310.21,162.08,8/12/2021,31:00.3
890,50529.56,4354.09,161.65,7/12/2021,31:00.7
891,49424.47,4091.17,158.17,12/12/2021,31:01.1
892,50520.94,4440.94,165.24,9/12/2021,31:01.4
893,50089.64,4132.91,159.04,13/12/2021,31:01.4
894,47568.43,4105.99,151.44,10/12/2021,31:01.7
895,47170.94,3899.97,148.45,11/12/2021,31:01.9
896,48878.83,4021.41,153.62,16/12/2021,31:02.1
897,46300,3778,143,14/12/2021,31:02.3
898,47634.2,3957.12,148.86,17/12/2021,31:02.4
899,48359.23,3860.72,150.45,15/12/2021,31:02.6
900,46857.49,3961.93,148.75,19/12/2021,31:30.0
901,46926.07,3946.59,152.71,21/12/2021,31:30.5
902,46159.87,3876.37,143.99,18/12/2021,31:30.9
903,46687.2,3925.78,153.32,20/12/2021,31:31.3
904,50842.06,4113.64,163.8,24/12/2021,31:31.4
905,48608.61,3980.82,155.4,23/12/2021,31:31.5
906,48914.7,4017.35,154.8,22/12/2021,31:31.9
907,50428.31,4098.67,157.99,26/12/2021,31:32.2
908,50804.33,4066.14,155.97,27/12/2021,31:32.2
909,50852.31,4021.31,161.36,25/12/2021,31:32.4
910,50720.35,4038.68,155.96,28/12/2021,31:32.5
911,46471.24,3630.18,145.56,30/12/2021,31:33.0
912,47122.09,3710.01,147.97,31/12/2021,31:33.2
913,47542.2,3793.66,145.71,29/12/2021,31:33.2
914,46205,3675.81,146.12,1/1/2022,31:34.0
915,47733.43,3765.98,150.79,2/1/2022,31:59.2
916,45817.13,3785,146.45,5/1/2022,32:00.1
917,47299.06,3828.93,151.18,3/1/2022,32:00.5
918,46459.57,3766.01,148.44,4/1/2022,32:00.6
919,41684.84,3080.92,129.45,9/1/2022,32:01.1
920,43144.72,3415.52,136.53,7/1/2022,32:01.1
921,41876.52,3151.65,130.87,10/1/2022,32:01.5
922,41564.57,3198.96,131.33,8/1/2022,32:02.9
923,43921.21,3373.25,142.37,13/1/2022,32:02.9
924,43446.34,3539,135.35,6/1/2022,32:02.9
925,43090.72,3309.98,144.84,15/1/2022,32:02.9
926,41824.06,3083.51,126.51,11/1/2022,32:03.0
927,42749.84,3240.83,131.67,12/1/2022,32:03.0
928,42576.27,3241.6,135.96,14/1/2022,32:03.0
929,43098.2,3327.81,147.75,16/1/2022,32:04.3
930,42372.15,3160.78,141.53,19/1/2022,32:31.5
931,36835.93,2568.12,114.51,22/1/2022,32:32.0
932,42214.66,3211.08,151.2,18/1/2022,32:32.1
933,43104.34,3349.88,146.46,17/1/2022,32:32.1
934,41672.14,3084.49,136.35,20/1/2022,32:32.1
935,40671.77,3000.99,129.73,21/1/2022,32:32.6
936,35075.7,2411.91,108.49,23/1/2022,32:32.7
937,36687.58,2441.6,109.6,25/1/2022,32:32.9
938,36275.28,2541.74,112.32,24/1/2022,32:33.0
939,36980,2460.4,107.86,26/1/2022,32:33.4
940,36846.22,2464.99,107.09,27/1/2022,32:33.6
941,37741.9,2546.84,109.49,29/1/2022,32:34.9
942,37188.37,2425.01,106.88,28/1/2022,32:34.9
943,37904.99,2602.63,108.61,31/1/2022,32:34.9
944,38189.82,2603.39,110.85,30/1/2022,32:34.9
945,38714.27,2789.62,115.18,2/2/2022,33:01.8
946,38492.53,2675.99,109.5,1/2/2022,33:02.0
947,36923.39,2683.09,108.33,3/2/2022,33:02.8
948,41411.59,3014.83,121.81,6/2/2022,33:03.3
949,41613.75,2997.63,121.47,5/2/2022,33:03.5
950,37324.61,2697.59,111.03,4/2/2022,33:03.6
951,42416.06,3058.21,127.69,7/2/2022,33:04.0
952,44087.58,3119.91,133.81,9/2/2022,33:04.9
953,43868.08,3141.84,137.47,8/2/2022,33:05.2
954,44416.39,3246.28,140.13,10/2/2022,33:05.2
955,42386.47,2929.09,125.66,12/2/2022,33:05.5
956,43521.88,3074.84,134.6,11/2/2022,33:05.7
957,42244.91,2919.86,126.78,13/2/2022,33:05.9
958,42073.37,2872.83,125.68,14/2/2022,33:06.6
959,42548.71,2931.17,124.62,15/2/2022,33:06.6
960,43895.55,3124.44,127.8,17/2/2022,33:31.8
961,39993.64,2780.05,114.88,19/2/2022,33:32.5
962,44585.69,3186.24,131.87,16/2/2022,33:32.5
963,40537.94,2894.52,116.47,18/2/2022,33:32.9
964,40146.07,2765.24,115.79,20/2/2022,33:33.1
965,37022.11,2569.6,102.79,22/2/2022,33:33.5
966,38395.99,2622.47,110.7,21/2/2022,33:33.8
967,38251.67,2638.2,107.51,23/2/2022,33:34.2
968,37268.18,2580.54,105.41,24/2/2022,33:34.6
969,39242.71,2769.24,109.35,26/2/2022,33:34.9
970,39146.97,2780.76,108.31,27/2/2022,33:35.2
971,37716.57,2617.79,103.05,28/2/2022,33:35.5
972,43189.61,2922.87,113.81,1/3/2022,33:35.8
973,38347.3,2597.39,104.25,25/2/2022,33:35.8
974,44440,2977.72,112.72,2/3/2022,33:37.0
975,39166.5,2623.08,101.04,5/3/2022,34:07.4
976,43916.47,2948.58,110.4,3/3/2022,34:07.6
977,42524.87,2835.95,111.76,4/3/2022,34:08.5
978,39407.87,2665.94,104.91,6/3/2022,34:10.5
979,38406.82,2550.46,101.09,7/3/2022,34:10.5
980,38749.16,2577.11,100.75,9/3/2022,34:10.5
981,37991.05,2480.33,97.77,8/3/2022,34:10.5
982,41949.28,2727.86,107.08,10/3/2022,34:10.7
983,39431.4,2608.46,102.57,11/3/2022,34:11.3
984,38654.02,2552.52,104.51,12/3/2022,34:11.4
985,38815.56,2569.09,105.56,13/3/2022,34:12.5
986,37793.4,2516.42,101.68,14/3/2022,34:12.6
987,39678.51,2590.12,105.58,15/3/2022,34:12.7
988,41127.96,2775.16,111.69,17/3/2022,34:12.9
989,39298.11,2619.01,106.91,16/3/2022,34:12.9
990,61530.07,3847.38,183.77,18/10/2021,34:33.1
991,40950.23,2814.62,110.27,18/3/2022,34:33.5
992,41287.24,2862.44,114.9,21/3/2022,34:33.9
993,41781.37,2939.18,111.92,19/3/2022,34:33.9
994,44012.36,3112.95,126.53,25/3/2022,34:34.8
995,41017.7,2887.79,116.11,22/3/2022,34:34.8
996,42899.71,3037.82,122.52,24/3/2022,34:34.9
997,42232.05,2952.35,116.8,20/3/2022,34:35.0
998,42376.03,2970.51,122.83,23/3/2022,34:35.3
999,44336.19,3103.91,124,26/3/2022,34:35.9
1000,44538.21,3146.33,124.85,27/3/2022,34:36.1
1001,46850.01,3296.24,129.64,28/3/2022,34:37.1
1002,45525.25,3283.08,123.87,1/4/2022,34:37.2
1003,47146.92,3331.23,127.59,29/3/2022,34:37.2
1004,47448.41,3401.7,130.08,30/3/2022,34:37.2
1005,47078.02,3386.69,131.17,31/3/2022,34:37.2
1006,46296.36,3456.25,124.85,2/4/2022,35:02.7
1007,43166.71,3168.1,111.66,7/4/2022,35:03.8
1008,45826.24,3445.25,124.91,3/4/2022,35:04.5
1009,46420.08,3522.51,128.76,4/4/2022,35:04.5
1010,42261.9,3192.54,110.68,9/4/2022,35:05.1
1011,45523.25,3408,123.19,6/4/2022,35:05.3
1012,42766.46,3259.45,112.69,10/4/2022,35:05.3
1013,46594.39,3520.5,124.79,5/4/2022,35:05.3
1014,42165.96,3203.05,110.63,11/4/2022,35:05.7
1015,39535.88,2979.32,102.51,12/4/2022,35:07.0
1016,40086.7,3028.27,104.88,13/4/2022,35:07.0
1017,39953.62,3021.68,107.36,15/4/2022,35:07.0
1018,41147.15,3119.01,110.55,14/4/2022,35:07.0
1019,40554.6,3040.41,110.97,16/4/2022,35:07.0
1020,43444.71,3227.26,114.12,8/4/2022,35:07.0
1021,40387.6,3060.35,114.35,17/4/2022,35:07.3
1022,39681.11,2988.09,108.82,18/4/2022,35:33.1
1023,40810.87,3055.86,111.27,19/4/2022,35:33.6
1024,41371.88,3077.16,111.91,21/4/2022,35:34.2
1025,39712.2,2963.03,105.34,23/4/2022,35:34.6
1026,40483.38,2983.72,106.71,22/4/2022,35:34.9
1027,39459.63,2933.45,105.19,24/4/2022,35:35.2
1028,41501.56,3102.44,113.79,20/4/2022,35:35.3
1029,39463.75,2921.7,104.56,25/4/2022,35:35.9
1030,40440.9,3007.24,104.57,26/4/2022,35:36.0
1031,38118.43,2809.5,98.58,27/4/2022,35:36.2
1032,39741.21,2935.97,103.32,29/4/2022,35:36.4
1033,39251.02,2889.78,100.62,28/4/2022,35:36.4
1034,37640.35,2726.37,95.89,1/5/2022,35:37.5
1035,38592.27,2816.77,100.38,30/4/2022,35:37.5
1036,38510.88,2856.3,100.63,3/5/2022,35:37.5
1037,38469.49,2824.79,99.27,2/5/2022,35:37.5
1038,37651.38,2770.02,99,4/5/2022,36:03.4
1039,35999.1,2691.89,96.71,7/5/2022,36:04.8
1040,36537.22,2747.46,96.88,6/5/2022,36:04.8
1041,35458,2634.57,94.24,8/5/2022,36:05.0
1042,39669.56,2953.73,106.26,5/5/2022,36:05.5
1043,34033.49,2518.82,93.88,9/5/2022,36:05.6
1044,28977.75,2075.55,66.33,12/5/2022,36:06.5
1045,28941.95,1954.27,64.29,13/5/2022,36:06.7
1046,30078.27,2227.74,76.19,10/5/2022,36:06.9
1047,31002.39,2340.66,80.15,11/5/2022,36:07.1
1048,31293.31,2142.82,71.53,16/5/2022,36:07.3
1049,30041.9,2053.43,68.8,15/5/2022,36:07.4
1050,28645.2,1912.04,65.89,19/5/2022,36:08.5
1051,29839.89,2020.57,66.92,17/5/2022,36:08.5
1052,29234.73,2005.69,67.75,14/5/2022,36:08.5
1053,30412.1,2088.95,73.04,18/5/2022,36:08.5
1054,30274.59,2017.36,72.02,20/5/2022,36:33.2
1055,29407.4,1972.64,69.76,22/5/2022,36:33.6
1056,29079.31,1970.85,68.97,24/5/2022,36:34.0
1057,29155.74,1956.57,68.47,21/5/2022,36:34.1
1058,29503.48,1940.48,68.16,26/5/2022,36:35.0
1059,29627.61,1977.94,70.17,25/5/2022,36:35.1
1060,29166.06,1790.08,63.37,27/5/2022,36:35.5
1061,30258.04,2040.91,71.57,23/5/2022,36:35.6
1062,28598.31,1719.76,61.23,28/5/2022,36:35.9
1063,29008.99,1790.22,62.97,29/5/2022,36:36.1
1064,31716.67,1998.29,69.07,31/5/2022,36:36.3
1065,31784.18,1940.49,68.35,1/6/2022,36:36.5
1066,29789.19,1816.06,62.64,2/6/2022,36:36.5
1067,29447.08,1811.27,63.58,30/5/2022,36:36.5
1068,29672.77,1773.11,62.52,4/6/2022,36:37.6
1069,30429.12,1832.62,64.37,3/6/2022,36:37.6
1070,29837.56,1803.47,63.69,5/6/2022,37:04.0
1071,29866.44,1802.52,62.86,6/6/2022,37:04.0
1072,31349.59,1858.44,64.36,7/6/2022,37:04.8
1073,31111,1812.17,63.8,8/6/2022,37:05.0
1074,30079.59,1787.44,60.19,10/6/2022,37:05.2
1075,30182.92,1790.63,61.33,9/6/2022,37:05.4
1076,29058.79,1660.77,56.62,11/6/2022,37:05.8
1077,22460.97,1207.9,43.45,14/6/2022,37:06.6
1078,28395.03,1531.23,52.11,12/6/2022,37:06.8
1079,26555.17,1432.97,47.86,13/6/2022,37:07.0
1080,22562.33,1236.45,51.15,16/6/2022,37:07.2
1081,22120.23,1207.58,46.1,15/6/2022,37:07.2
1082,20371.96,1067.07,44.36,17/6/2022,37:07.2
1083,20552.39,1126.97,54.71,20/6/2022,37:08.2
1084,18944.66,993.64,47.11,19/6/2022,37:08.2
1085,20447.86,1085.65,47.53,18/6/2022,37:08.2
1086,20699.63,1126.44,53.53,22/6/2022,37:34.4
1087,19869.41,1043.68,51.85,23/6/2022,37:34.5
1088,20547.68,1127.04,52.7,21/6/2022,37:35.0
1089,21221.13,1224.26,55.82,25/6/2022,37:35.1
1090,21104.45,1144.01,55.7,24/6/2022,37:35.1
1091,20722.95,1191.27,55.85,28/6/2022,37:35.6
1092,20253.5,1142.47,52.65,29/6/2022,37:36.2
1093,21474.14,1241.14,58.86,26/6/2022,37:36.3
1094,20098,1099.09,53.64,30/6/2022,37:36.6
1095,19985.62,1070.08,53.82,1/7/2022,37:36.6
1096,19225.54,1065.58,50.47,3/7/2022,37:37.1
1097,19252.76,1058.3,51.13,2/7/2022,37:37.5
1098,21024.85,1196.99,56.57,27/6/2022,37:37.9
1099,19291.35,1072.9,50.86,4/7/2022,37:37.9
1100,20212.42,1149.98,52.2,5/7/2022,37:38.0
1101,20153.74,1131.16,49.65,6/7/2022,37:39.0
1102,21595.75,1216.78,54.05,10/7/2022,38:05.6
1103,20854.32,1167.66,52.09,11/7/2022,38:05.7
1104,20542.66,1185.61,50.29,7/7/2022,38:05.7
1105,21618.04,1237.55,52.13,8/7/2022,38:05.8
1106,21582.28,1213.38,51.3,9/7/2022,38:05.8
1107,19942.44,1095.48,48.68,12/7/2022,38:05.9
1108,21189.23,1355.5,55.08,17/7/2022,38:07.3
1109,20823.06,1231.07,51.74,16/7/2022,38:07.3
1110,20755.95,1335.35,55.21,18/7/2022,38:07.7
1111,20574.96,1192.67,51.32,15/7/2022,38:07.7
1112,19304.71,1037.5,47.28,13/7/2022,38:07.7
1113,20219.69,1114.06,49.49,14/7/2022,38:07.7
1114,23398.46,1542.6,57.91,20/7/2022,38:07.8
1115,22434.97,1581.09,58.58,19/7/2022,38:07.8
1116,23152.76,1575.44,58.02,22/7/2022,38:08.6
1117,23225.24,1521.88,57.2,21/7/2022,38:08.6
1118,22451.36,1549.16,56.33,24/7/2022,38:35.0
1119,22688.85,1535.68,56.1,23/7/2022,38:35.0
1120,21344.43,1440.63,54.17,26/7/2022,38:35.7
1121,21260.22,1449.6,53.89,27/7/2022,38:36.4
1122,22960.74,1636.53,59.04,28/7/2022,38:37.0
1123,23851.66,1725.19,63.42,29/7/2022,38:37.1
1124,22583.37,1598.12,58.4,25/7/2022,38:37.5
1125,23648.15,1698.02,60.46,31/7/2022,38:38.2
1126,23787.84,1722.46,60.71,30/7/2022,38:38.3
1127,23307.44,1679.31,59.76,1/8/2022,38:38.6
1128,22994.78,1631.1,58.1,3/8/2022,38:38.6
1129,22824.88,1618.78,57.63,4/8/2022,38:39.4
1130,22960.86,1691.18,60.86,7/8/2022,38:39.4
1131,22589.83,1605.55,59.62,5/8/2022,38:39.4
1132,23320.71,1737.12,62.57,6/8/2022,38:39.4
1133,23273.85,1630.81,59.48,2/8/2022,38:39.4
1134,23944.85,1880.96,61.89,12/8/2022,39:06.0
1135,23815.68,1777.36,62.61,9/8/2022,39:06.0
1136,23959.3,1854.42,61.58,11/8/2022,39:06.5
1137,24316.58,1936,63.16,15/8/2022,39:06.5
1138,23158.32,1703.35,59.17,10/8/2022,39:06.6
1139,24456.17,1984.72,63.86,14/8/2022,39:06.6
1140,23158.32,1700.52,61.1,8/8/2022,39:06.6
1141,24415.08,1959.94,62.93,13/8/2022,39:06.6
1142,24099.7,1899.05,60.68,16/8/2022,39:07.9
1143,23344.42,1834.52,60.54,18/8/2022,39:07.9
1144,23857.89,1877.06,61.31,17/8/2022,39:08.0
1145,23206.76,1848.29,60.02,19/8/2022,39:08.0
1146,21139.22,1575.76,54.1,21/8/2022,39:09.0
1147,20834.94,1608.64,54.02,20/8/2022,39:09.0
1148,21396.37,1624.89,57.23,23/8/2022,39:09.0
1149,21514.45,1617.88,55.69,22/8/2022,39:09.0
1150,21561.49,1695.16,56.61,26/8/2022,39:36.6
1151,21367.12,1653.57,56.47,25/8/2022,39:36.8
1152,20240.63,1508.04,52.69,27/8/2022,39:36.8
1153,21526.74,1665.95,57.11,24/8/2022,39:37.0
1154,19545.57,1426.29,53.4,29/8/2022,39:39.1
1155,20286.95,1551.51,55.79,30/8/2022,39:39.2
1156,20060,1578.97,60.92,5/9/2022,39:39.2
1157,19799.97,1524.12,53.01,31/8/2022,39:39.2
1158,19833.59,1557.55,60.19,4/9/2022,39:39.2
1159,20132.67,1586.1,57.58,2/9/2022,39:39.2
1160,19953.4,1575.81,60.99,3/9/2022,39:39.2
1161,20048.27,1554.25,53.84,1/9/2022,39:39.3
1162,20035.3,1490.87,53.03,28/8/2022,39:39.3
1163,18790.77,1558.92,54.09,7/9/2022,39:40.1
1164,19794.59,1617.87,60.44,6/9/2022,39:40.1
1165,19293.03,1629.61,57.29,8/9/2022,39:40.3
1166,21656.03,1774.73,63.32,11/9/2022,40:05.9
1167,22402.58,1716.65,61.38,13/9/2022,40:06.2
1168,20174.78,1574.4,59.08,14/9/2022,40:06.8
1169,21366.61,1719.38,61.16,10/9/2022,40:07.0
1170,21830.16,1766.97,62.17,12/9/2022,40:07.2
1171,19703.65,1472.85,56.34,16/9/2022,40:07.8
1172,20119.08,1470.15,57.85,18/9/2022,40:08.2
1173,19322.56,1635.72,57.97,9/9/2022,40:08.3
1174,20227.7,1639.12,60.2,15/9/2022,40:08.4
1175,19538.31,1376.23,52.89,20/9/2022,40:08.5
1176,19800.26,1433.64,55.93,17/9/2022,40:08.6
1177,19417.56,1334.71,52.66,19/9/2022,40:08.8
1178,18876.14,1322.74,52.33,21/9/2022,40:08.9
1179,18462.66,1245.36,51.08,22/9/2022,40:08.9
1180,19311.4,1327.24,55.23,24/9/2022,40:10.0
1181,19399.93,1326.14,53.6,23/9/2022,40:10.0
1182,19226.94,1336.45,53.45,27/9/2022,40:37.2
1183,18806.3,1294.65,52.53,26/9/2022,40:37.2
1184,19412.37,1336.92,53.29,29/9/2022,40:37.7
1185,19077.56,1327.87,52.68,28/9/2022,40:37.7
1186,19423.57,1328.74,53.48,1/10/2022,40:38.1
1187,18920.93,1317.49,53.42,25/9/2022,40:38.2
1188,19059.1,1276.84,51.81,3/10/2022,40:38.5
1189,19315.26,1311.79,52.92,2/10/2022,40:38.6
1190,19595.59,1336.04,53.98,30/9/2022,40:38.6
1191,20162.15,1352.37,54.65,6/10/2022,40:39.2
1192,19632.43,1323.44,54.17,4/10/2022,40:39.3
1193,20371.15,1362.1,55.33,5/10/2022,40:39.3
1194,19963.75,1352.18,53.55,7/10/2022,40:39.5
1195,19421.49,1315.71,52.8,9/10/2022,40:40.6
1196,19531.68,1331.12,52.84,8/10/2022,40:40.6
1197,19442.7,1323.27,53.91,10/10/2022,40:41.7
1198,19130.8,1289.94,52.65,11/10/2022,41:06.8
1199,19153.97,1294.21,52.23,13/10/2022,41:07.3
1200,19058.42,1279.87,52.01,12/10/2022,41:07.4
1201,19375.55,1286.89,51.08,14/10/2022,41:07.6
1202,19550.39,1331.57,51.86,18/10/2022,41:08.6
1203,19179.15,1296.42,51.31,15/10/2022,41:09.0
1204,19065.23,1274.61,50.3,16/10/2022,41:09.0
1205,19261.62,1305.89,51.45,17/10/2022,41:09.5
1206,19328.75,1310.79,51.86,19/10/2022,41:09.5
1207,19043.66,1282.59,51.23,21/10/2022,41:09.7
1208,19164.92,1299.94,51.65,22/10/2022,41:09.9
1209,19123.77,1284.92,50.92,20/10/2022,41:09.9
1210,19332.11,1343.74,52.55,25/10/2022,41:11.0
1211,19209.09,1313.82,52.18,23/10/2022,41:11.0
1212,19603.57,1363.93,54.03,24/10/2022,41:11.0
1213,20086.27,1460.34,55.97,26/10/2022,41:11.0
1214,20295.77,1514.2,54.77,28/10/2022,41:37.1
1215,20597.34,1554.81,54.92,29/10/2022,41:37.1
1216,20629.21,1590.88,55.39,31/10/2022,41:37.6
1217,20773.59,1566.46,57.37,27/10/2022,41:38.1
1218,20822.38,1620.18,56.63,30/10/2022,41:38.5
1219,20151.29,1518.15,60.95,3/11/2022,41:38.5
1220,20489.55,1572.58,55.02,1/11/2022,41:38.9
1221,20480.34,1578.35,55.12,2/11/2022,41:38.9
1222,20208.02,1530.81,61.86,4/11/2022,41:38.9
1223,21149.03,1644.84,67.59,5/11/2022,41:39.2
1224,21300.45,1627.17,69.27,6/11/2022,41:39.5
1225,20908.15,1568.27,68.26,7/11/2022,41:39.5
1226,18546.07,1333.97,57.8,9/11/2022,41:40.0
1227,15720,1083.95,49.53,10/11/2022,41:40.2
1228,20593.34,1568.45,67.44,8/11/2022,41:40.2
1229,17555.44,1295.55,60.39,11/11/2022,41:41.2
1230,17067.7,1289.16,61.33,12/11/2022,42:06.9
1231,16783.32,1254.98,59.88,13/11/2022,42:08.0
1232,16646.58,1215.2,57.43,17/11/2022,42:08.3
1233,16298.75,1219.4,57.26,14/11/2022,42:08.5
1234,16588.41,1241.58,56.59,15/11/2022,42:09.0
1235,16879.37,1251.95,57.92,16/11/2022,42:10.2
1236,15758.96,1105.68,61.23,22/11/2022,42:10.2
1237,16680.47,1198.01,62.54,18/11/2022,42:10.2
1238,16252.43,1140.04,61.99,21/11/2022,42:10.2
1239,16680.7,1216.31,63.9,20/11/2022,42:10.3
1240,16585.83,1183.55,78.9,24/11/2022,42:10.6
1241,16201.15,1138.25,70.54,23/11/2022,42:10.6
1242,16678.85,1210.73,62.55,19/11/2022,42:10.7
1243,16510.9,1198.65,74.06,26/11/2022,42:11.7
1244,16587.6,1202.78,78.61,25/11/2022,42:11.7
1245,16450.32,1204.89,76.45,27/11/2022,42:11.7
1246,16206.23,1167.22,73.92,29/11/2022,42:36.8
1247,16421.63,1193.46,74.86,28/11/2022,42:36.9
1248,16437.94,1216.04,75.78,30/11/2022,42:37.4
1249,17165.44,1294.68,79.2,1/12/2022,42:37.9
1250,17158.42,1308.89,78.13,3/12/2022,42:37.9
1251,16882.86,1240.27,76.43,4/12/2022,42:38.2
1252,16980.07,1276.48,77.58,2/12/2022,42:38.3
1253,17108.9,1279.67,77.15,5/12/2022,42:39.0
1254,16839.76,1231.49,76.92,8/12/2022,42:39.3
1255,16966.05,1259.32,80.21,6/12/2022,42:39.3
1256,17226.03,1280.15,78.25,9/12/2022,42:39.5
1257,17089.18,1271.36,79.91,7/12/2022,42:40.5
1258,17128.1,1266.45,76.35,11/12/2022,42:40.5
1259,17130.49,1262.75,76.3,10/12/2022,42:40.5
1260,17212.9,1275.74,76.23,13/12/2022,42:40.7
1261,17085.62,1263.08,76.5,12/12/2022,42:40.7
1262,17772.98,1320.47,77.37,14/12/2022,43:08.0
1263,17805.36,1307.42,75.34,15/12/2022,43:08.9
1264,16634.29,1166.98,66.24,17/12/2022,43:09.4
1265,17359.1,1266.48,72.43,16/12/2022,43:09.5
1266,16439.98,1167.59,63.34,20/12/2022,43:10.8
1267,16742.33,1183.37,64.42,19/12/2022,43:10.9
1268,16782.23,1187.17,64.91,18/12/2022,43:11.0
1269,16825.18,1213.7,65.39,22/12/2022,43:11.4
1270,16775.88,1219.99,65.76,24/12/2022,43:11.4
1271,16896.17,1216.76,65.57,21/12/2022,43:11.7
1272,16815.28,1217.48,66.17,23/12/2022,43:11.7
1273,16829.19,1218.41,69.19,26/12/2022,43:12.0
1274,16837.24,1220.49,65.75,25/12/2022,43:12.0
1275,16967,1233.75,70.77,27/12/2022,43:12.2
1276,16698.31,1211.06,68.66,28/12/2022,43:12.3
1277,16539.66,1189.33,66.28,29/12/2022,43:12.5
1278,16599.98,1199.19,67.91,31/12/2022,43:37.2
1279,16531.83,1195.25,70.1,1/1/2023,43:37.3
1280,16627.36,1199.73,66.62,30/12/2022,43:38.0
1281,16611.9,1199.97,70.88,2/1/2023,43:38.7
1282,16825.53,1250.87,74.2,6/1/2023,43:39.1
1283,16668.95,1214.21,75.52,4/1/2023,43:39.5
1284,16844.4,1256.35,75.4,5/1/2023,43:39.6
1285,16666.86,1213.77,74.71,3/1/2023,43:39.6
1286,16948,1268.94,75.9,7/1/2023,43:39.9
1287,17125.17,1289.73,78.09,9/1/2023,43:40.2
1288,16942.37,1263.84,76.36,8/1/2023,43:40.4
1289,17177.94,1320,81.6,10/1/2023,43:40.6
1290,17904.83,1389.21,84.08,12/1/2023,43:40.8
1291,18847.77,1416.05,86.08,13/1/2023,43:41.2
1292,17443.5,1335.69,80.86,11/1/2023,43:41.3
1293,19893.25,1449.38,85.99,14/1/2023,43:41.4
1294,21191.46,1577.01,85.91,17/1/2023,44:08.6
1295,21135.01,1565.52,87.02,18/1/2023,44:08.6
1296,20656.52,1508.87,82.62,19/1/2023,44:09.1
1297,20956.2,1550.06,87.84,15/1/2023,44:09.2
1298,20879.67,1552.83,87.37,16/1/2023,44:09.2
1299,22671.09,1658.36,90.29,21/1/2023,44:09.4
1300,22714.81,1628.01,87.58,23/1/2023,44:10.8
1301,22789.34,1626.83,87.93,22/1/2023,44:10.8
1302,21084.05,1550.96,84.23,20/1/2023,44:10.8
1303,22636.19,1556.1,87.24,25/1/2023,44:10.8
1304,22920.67,1626.71,89.96,24/1/2023,44:10.8
1305,23011.37,1601.14,87.53,27/1/2023,44:10.8
1306,23062.36,1612.64,89.44,26/1/2023,44:10.9
1307,23029.56,1572.4,89.7,29/1/2023,44:12.3
1308,23084.38,1598.14,88.91,28/1/2023,44:12.3
1309,23744.34,1644.79,94.87,30/1/2023,44:12.4
1310,23127.15,1585.32,94.12,1/2/2023,44:38.9
1311,23433.47,1663.63,99.89,4/2/2023,44:39.6
1312,22836.03,1566.23,91.35,31/1/2023,44:39.9
1313,23329.47,1666.83,98.49,5/2/2023,44:40.2
1314,23735.97,1642.06,100.33,2/2/2023,44:40.5
1315,22748.11,1613.26,95.88,7/2/2023,44:40.6
1316,23497.29,1643.14,98.64,3/2/2023,44:40.6
1317,23244.64,1671.27,100.84,8/2/2023,44:41.4
1318,22936.34,1629.44,96.69,6/2/2023,44:41.7
1319,21800.62,1545.64,92.11,10/2/2023,44:42.0
1320,21628.97,1513.04,93.29,11/2/2023,44:42.0
1321,22963.91,1650.65,99.23,9/2/2023,44:42.0
1322,21863.73,1538.85,94.3,12/2/2023,44:42.0
1323,22206.26,1556.52,95.87,15/2/2023,44:43.1
1324,21789,1506.29,91.14,14/2/2023,44:43.1
1325,21789.79,1515.24,92.49,13/2/2023,44:43.1
1326,23344.12,1630.2,98.22,17/2/2023,45:08.7
1327,24635.85,1691.81,99.75,19/2/2023,45:09.0
1328,24577.6,1694.32,100.14,18/2/2023,45:09.2
1329,24326.95,1674.8,102.88,16/2/2023,45:09.6
1330,24844.21,1703.62,95.88,21/2/2023,45:10.2
1331,24454.08,1659.76,93.81,22/2/2023,45:10.7
1332,24278.81,1680.42,97.43,20/2/2023,45:11.2
1333,23943.32,1650.62,94.62,24/2/2023,45:11.2
1334,24184.9,1642.99,95.27,23/2/2023,45:11.3
1335,23186.88,1609.05,91.59,25/2/2023,45:11.7
1336,23159.71,1594.5,93.15,26/2/2023,45:11.9
1337,23556.83,1641.34,95.24,27/2/2023,45:12.1
1338,23490.01,1633.22,94.06,28/2/2023,45:12.1
1339,23632.12,1665.2,97.75,2/3/2023,45:13.3
1340,23144.37,1605.59,93.8,1/3/2023,45:13.3
1341,23477.28,1649.28,95.49,3/3/2023,45:13.3
1342,22410.13,1565.82,87.36,7/3/2023,45:39.6
1343,22431.99,1564.8,89.94,6/3/2023,45:39.6
1344,22358.18,1569.55,90.6,4/3/2023,45:40.2
1345,21699.41,1532.11,82.72,9/3/2023,45:40.2
1346,20619.34,1483.62,69.73,12/3/2023,45:41.9
1347,24761.61,1704.9,84.29,15/3/2023,45:41.9
1348,22349.74,1566.72,89.35,5/3/2023,45:41.9
1349,22216.02,1592.04,76.89,13/3/2023,45:42.0
1350,20369.78,1437.39,76.83,10/3/2023,45:42.0
1351,24220,1681.93,81.9,14/3/2023,45:42.0
1352,22281.55,1561.61,86.64,8/3/2023,45:42.0
1353,20230.07,1432.15,71.67,11/3/2023,45:42.0
1354,24377.16,1656.7,76.76,16/3/2023,45:43.0
1355,26980.35,1763.88,83.22,19/3/2023,45:43.1
1356,25052.11,1677.36,79.04,17/3/2023,45:43.1
1357,27453.75,1793.61,85.72,18/3/2023,45:44.2
1358,28058.15,1786.37,84.56,20/3/2023,46:09.5
1359,28352.95,1817.27,93.88,24/3/2023,46:10.4
1360,27489.24,1751.79,94.42,25/3/2023,46:11.0
1361,27822.85,1739.28,78.32,21/3/2023,46:11.0
1362,28201.22,1806.79,82.74,22/3/2023,46:11.2
1363,27489.56,1743.69,91.6,26/3/2023,46:11.2
1364,27324.05,1738.99,87.46,23/3/2023,46:11.8
1365,27142.85,1716.13,89.3,28/3/2023,46:11.8
1366,27995.27,1775.85,93.41,27/3/2023,46:12.0
1367,27274.18,1773.82,89.16,29/3/2023,46:12.0
1368,28188.34,1795.41,92.89,3/4/2023,46:13.0
1369,28471.03,1821.69,92.6,2/4/2023,46:13.0
1370,28475.41,1822.11,89.59,1/4/2023,46:13.1
1371,28359.54,1793.4,91.32,30/3/2023,46:13.1
1372,28034.88,1793.68,89.09,31/3/2023,46:13.1
1373,27809.55,1810.91,92.99,4/4/2023,46:13.3
1374,28052.74,1873.28,91,7/4/2023,46:39.9
1375,27930.12,1865.02,90.66,8/4/2023,46:40.5
1376,28342.28,1859.85,90.65,10/4/2023,46:40.8
1377,28175.27,1910.59,92.68,6/4/2023,46:40.9
1378,28178.66,1871.19,92.63,5/4/2023,46:40.9
1379,27958.19,1849.83,89.95,9/4/2023,46:41.7
1380,30227.18,1891.78,94.32,12/4/2023,46:41.7
1381,30410.03,2014.12,94.26,14/4/2023,46:42.2
1382,30492.91,2101.81,96.39,15/4/2023,46:42.5
1383,29912.2,1918.9,92.16,13/4/2023,46:42.7
1384,30325.07,2092.44,96.8,16/4/2023,46:42.8
1385,29657.7,1911.22,93.84,11/4/2023,46:43.0
1386,30321.41,2120.01,100.37,17/4/2023,46:43.0
1387,29449.91,2075.63,98.91,18/4/2023,46:43.2
1388,30394.5,2104.54,101.95,19/4/2023,46:43.3
1389,28809.71,1934.63,90.44,20/4/2023,46:44.4
1390,28248.18,1942.91,90.23,21/4/2023,47:10.7
1391,27252.96,1848.21,85.34,22/4/2023,47:10.7
1392,27820.99,1874.48,87.07,23/4/2023,47:10.8
1393,28304.42,1866.22,91.05,26/4/2023,47:11.3
1394,27592.7,1861.91,86.79,24/4/2023,47:12.3
1395,29486.97,1908.92,89.75,28/4/2023,47:12.3
1396,28387.07,1862.08,88.19,27/4/2023,47:12.3
1397,27513.85,1842.11,88.33,25/4/2023,47:12.3
1398,29039.36,1905.89,88.92,4/5/2023,47:14.0
1399,28077.44,1831.36,86.75,2/5/2023,47:14.0
1400,29249.24,1908.96,91.11,30/4/2023,47:14.0
1401,28683.41,1871.27,88.24,3/5/2023,47:14.0
1402,29240.49,1870.67,88.27,1/5/2023,47:14.0
1403,29339.47,1892.43,89.69,29/4/2023,47:14.0
1404,29538.87,1995.77,88.7,6/5/2023,47:14.3
1405,28857.88,1878.25,88.43,5/5/2023,47:15.0
1406,28901.3,1900.12,83.44,7/5/2023,47:40.1
1407,28472.68,1873.28,83.5,8/5/2023,47:40.1
1408,27621.5,1842.33,80.99,11/5/2023,47:41.2
1409,27693.24,1849.11,77.8,9/5/2023,47:41.7
1410,26986.79,1795.22,80.93,12/5/2023,47:42.8
1411,26929.98,1800,83.54,15/5/2023,47:42.9
1412,26786.99,1796.01,80.29,14/5/2023,47:42.9
1413,26808.8,1808.24,80.48,13/5/2023,47:43.3
1414,27647.29,1847.5,79.95,10/5/2023,47:43.3
1415,27165.26,1816.8,86.93,16/5/2023,47:43.6
1416,27037.72,1824.57,90,17/5/2023,47:43.6
1417,26819.64,1800.61,90.26,19/5/2023,47:44.3
1418,27407.76,1822.46,93.88,18/5/2023,47:44.3
1419,26890.27,1812.84,91.77,20/5/2023,47:44.5
1420,27113.97,1819.9,92.45,21/5/2023,47:44.5
1421,26751,1805.35,92.2,22/5/2023,47:44.7
1422,27222.86,1854.75,91.7,24/5/2023,48:10.4
1423,26479.15,1805.76,86.59,26/5/2023,48:11.5
1424,26870.13,1830.6,88.59,28/5/2023,48:12.3
1425,26321.42,1799.79,85.83,25/5/2023,48:12.4
1426,26854.09,1817.76,90.86,23/5/2023,48:13.0
1427,26711.56,1828.32,87.1,27/5/2023,48:13.1
1428,28070.04,1909.1,91.49,29/5/2023,48:13.4
1429,27700.68,1901.1,92.29,31/5/2023,48:13.9
1430,26827.73,1862.33,94.17,2/6/2023,48:14.0
1431,27744.81,1893.18,90.89,30/5/2023,48:14.1
1432,27252.67,1907.44,95.48,3/6/2023,48:14.4
1433,27221.54,1874.08,90.44,1/6/2023,48:14.6
1434,27122.03,1890.22,94.19,5/6/2023,48:14.8
1435,27078.27,1892.62,96.04,4/6/2023,48:14.9
1436,27243.45,1884.93,90.94,7/6/2023,48:15.1
1437,25741.5,1811.21,87.74,6/6/2023,48:15.2
1438,26505.71,1846.21,88.53,9/6/2023,48:40.6
1439,26482.8,1840.46,89.36,10/6/2023,48:40.8
1440,26347.09,1832.43,88.87,8/6/2023,48:41.6
1441,25123.41,1650.84,73.16,15/6/2023,48:42.8
1442,25856.1,1752.32,77.23,11/6/2023,48:42.9
1443,25905.99,1742.69,77.5,13/6/2023,48:43.0
1444,25929.35,1739.51,77.5,14/6/2023,48:43.1
1445,25936.98,1753.1,77.7,12/6/2023,48:43.1
1446,25569.99,1665.17,74.54,16/6/2023,48:43.5
1447,26507.97,1727.15,76.87,18/6/2023,48:44.5
1448,26336.46,1720.4,77.15,19/6/2023,48:44.5
1449,26329.6,1716.71,76.08,17/6/2023,48:44.5
1450,28271.67,1792.71,80.38,21/6/2023,48:44.5
1451,29999.85,1889.46,85.04,22/6/2023,48:44.7
1452,26839.04,1736.45,77.43,20/6/2023,48:44.7
1453,29886.25,1872.13,85.99,23/6/2023,48:44.7
1454,30445.67,1851.98,84.72,30/6/2023,49:12.7
1455,30480.24,1899.8,88.22,26/6/2023,49:12.7
1456,30547.3,1875.88,89.79,25/6/2023,49:12.7
1457,30709.59,1893.74,91.3,24/6/2023,49:12.8
1458,30716.93,1890.49,88.12,28/6/2023,49:12.9
1459,30074.93,1826.43,82.91,29/6/2023,49:14.6
1460,30272.24,1859.19,87.2,27/6/2023,49:14.6
1461,31162.71,1955.76,107.27,4/7/2023,49:14.6
1462,30587.22,1924.14,107.11,2/7/2023,49:14.6
1463,30466.73,1933.7,108.7,1/7/2023,49:14.7
1464,30499.27,1910.15,102.58,6/7/2023,49:14.7
1465,30613.57,1937.28,113.61,3/7/2023,49:14.7
1466,30772.93,1936.44,104.3,5/7/2023,49:14.9
1467,30350.35,1870.9,98.24,8/7/2023,49:15.1
1468,29715.87,1825.38,94.14,7/7/2023,49:16.1
1469,30291.69,1865.56,97.79,9/7/2023,49:16.1
1470,30168.26,1862.99,95.12,10/7/2023,49:41.0
1471,30624.65,1878.58,96.79,12/7/2023,49:41.6
1472,30419.89,1880.62,96.77,11/7/2023,49:41.6
1473,30330.93,1938.99,95.18,15/7/2023,49:42.1
1474,30383.26,1871.65,96.2,13/7/2023,49:42.5
1475,29916.69,1888.65,91.99,20/7/2023,49:43.4
1476,30247.56,1923.21,92.91,17/7/2023,49:43.5
1477,29861.92,1897.72,91.42,19/7/2023,49:43.5
1478,31471.83,2005.95,101.93,14/7/2023,49:43.8
1479,29809.13,1891.76,92.38,21/7/2023,49:44.0
1480,30302.01,1931.89,94.8,16/7/2023,49:44.0
1481,29907.15,1891.92,94.09,22/7/2023,49:44.3
1482,29793.62,1866.61,92.06,23/7/2023,49:44.4
1483,29176.98,1849.68,89.15,25/7/2023,49:45.0
1484,30099.99,1888.64,93.15,24/7/2023,49:45.0
1485,30143.08,1911.26,92.22,18/7/2023,49:45.0
1486,29214.93,1860.87,90.58,28/7/2023,50:12.9
1487,29316.05,1874.01,91.44,29/7/2023,50:13.0
1488,29225.11,1857.29,89.45,26/7/2023,50:13.0
1489,29350.88,1871.92,90.61,27/7/2023,50:13.0
1490,29230.61,1856.09,92.25,1/8/2023,50:13.0
1491,29356.65,1880.88,94.35,30/7/2023,50:13.1
1492,29280.41,1861.65,94.01,31/7/2023,50:13.1
1493,29163.87,1838.91,87.49,3/8/2023,50:13.2
1494,29699.25,1872.78,93.9,2/8/2023,50:14.7
1495,29047.33,1834.66,83.04,6/8/2023,50:14.9
1496,29174.84,1834.34,82.48,4/8/2023,50:14.9
1497,29179.28,1826.9,82.42,8/8/2023,50:16.7
1498,29040.01,1827.49,82.45,7/8/2023,50:16.7
1499,29562.76,1854.09,84.02,10/8/2023,50:16.7
1500,29770.01,1855.71,83.85,9/8/2023,50:16.7
1501,29077.04,1827.3,82.09,5/8/2023,50:16.7
1502,29424.04,1850.38,83.06,11/8/2023,50:41.4
1503,29400.45,1846.77,83.5,12/8/2023,50:42.2
1504,29170.13,1827.19,79.18,16/8/2023,50:42.4
1505,29417.19,1849.08,83.44,13/8/2023,50:42.5
1506,29275.78,1838.98,81.85,14/8/2023,50:42.6
1507,29405.49,1844,82.03,15/8/2023,50:44.3
1508,26627.21,1681.46,64.8,18/8/2023,50:44.4
1509,26096.4,1669.65,64.15,20/8/2023,50:44.4
1510,28700.51,1805.51,74.48,17/8/2023,50:44.4
1511,26048.9,1661.28,63.94,19/8/2023,50:44.5
1512,26137.99,1667.2,67.35,22/8/2023,50:44.6
1513,26163.49,1660.41,64.86,25/8/2023,50:45.7
1514,26189.36,1685.36,65.28,21/8/2023,50:45.7
1515,26049.4,1652.77,65.1,26/8/2023,50:45.7
1516,26427.73,1679.21,65.62,24/8/2023,50:45.8
1517,26041.94,1634.32,64.77,23/8/2023,50:45.8
1518,26009.62,1646.26,64.98,27/8/2023,51:11.8
1519,26101.03,1651.93,65.46,29/8/2023,51:12.5
1520,26091.16,1657.5,65.35,28/8/2023,51:13.1
1521,27306.06,1705.46,67.65,31/8/2023,51:13.6
1522,25931.51,1645.58,63.89,1/9/2023,51:13.7
1523,25867.82,1636.83,64.58,3/9/2023,51:14.6
1524,25969.83,1635.65,63.92,4/9/2023,51:14.8
1525,25795.61,1628.46,62.94,2/9/2023,51:14.9
1526,25782.49,1633.85,63.14,6/9/2023,51:15.1
1527,27717.15,1729.26,68.87,30/8/2023,51:15.1
1528,25747.63,1632.09,62.84,7/9/2023,51:15.4
1529,26276.38,1647.44,63.7,8/9/2023,51:15.4
1530,25906.33,1635.94,62.6,9/9/2023,51:16.2
1531,25816.14,1629.75,63.78,5/9/2023,51:16.2
1532,25897.82,1635.66,63.06,10/9/2023,51:16.2
1533,25831.77,1616.68,61.1,11/9/2023,51:16.2
1534,25839.95,1592.92,59.97,13/9/2023,51:43.0
1535,26532.5,1627.17,62.83,15/9/2023,51:43.4
1536,26601.71,1641.48,65.89,16/9/2023,51:43.5
1537,26569.69,1634.87,65.43,17/9/2023,51:44.0
1538,26227.16,1608.06,61.94,14/9/2023,51:44.1
1539,25152.13,1551.33,58.85,12/9/2023,51:44.1
1540,26530.96,1622.93,63.59,18/9/2023,51:44.5
1541,27216.52,1643.41,67.3,20/9/2023,51:44.8
1542,26764.03,1636.93,65.88,19/9/2023,51:45.1
1543,26564.54,1583.86,64.71,22/9/2023,51:45.3
1544,26578.4,1593.04,64.38,23/9/2023,51:45.3
1545,27122.65,1622.26,64.58,21/9/2023,51:46.3
1546,26248.17,1580.59,63.57,25/9/2023,51:46.3
1547,26579.59,1593.84,65.12,24/9/2023,51:46.3
1548,26296.07,1587.75,64.32,26/9/2023,51:46.4
1549,26208.43,1593.19,63.76,27/9/2023,51:46.5
1550,26357.56,1597.65,63.52,28/9/2023,52:13.2
1551,27027.44,1652.94,65.22,29/9/2023,52:13.4
1552,27995.46,1733.42,68.4,2/10/2023,52:14.5
1553,26905.57,1667.2,65.54,30/9/2023,52:14.8
1554,26961,1670.84,65.97,1/10/2023,52:15.0
1555,27428.96,1657.91,65.52,4/10/2023,52:15.3
1556,27786.12,1646.58,64.4,5/10/2023,52:15.4
1557,27413.15,1611.78,64.81,6/10/2023,52:15.4
1558,27945.17,1645.9,65.53,7/10/2023,52:16.1
1559,27976.44,1634.64,65.5,8/10/2023,52:16.4
1560,27504.03,1662.62,66,3/10/2023,52:16.4
1561,27596.67,1580.13,63.09,10/10/2023,52:16.7
1562,27933.54,1633.77,65.42,9/10/2023,52:16.7
1563,27393.28,1567.63,63.76,11/10/2023,52:16.9
1564,26867.97,1566.45,61.55,12/10/2023,52:17.1
1565,26752.06,1539.26,61.13,13/10/2023,52:17.6
1566,26863.54,1552.03,61.57,14/10/2023,52:43.8
1567,27186.13,1558.01,61.57,16/10/2023,52:44.2
1568,28520.24,1600.03,63.24,17/10/2023,52:44.2
1569,28408.51,1565.25,62.09,18/10/2023,52:46.0
1570,29925.91,1629.37,64.77,22/10/2023,52:46.2
1571,28326.24,1563.66,60.22,19/10/2023,52:46.2
1572,30004.14,1664.43,65.3,23/10/2023,52:46.6
1573,29684.73,1604.94,63.42,21/10/2023,52:46.6
1574,26851.71,1554.98,61.62,15/10/2023,52:46.7
1575,28734.51,1567.5,61.8,20/10/2023,52:47.1
1576,33921.66,1785.06,69.14,25/10/2023,52:47.3
1577,33079.72,1766.24,69.04,24/10/2023,52:48.4
1578,33905.96,1779.78,66.97,28/10/2023,52:48.4
1579,34504.33,1787.58,68.74,26/10/2023,52:48.4
1580,34153.35,1804.29,68.76,27/10/2023,52:48.4
1581,34085.42,1776.48,67.74,29/10/2023,52:48.6
1582,34656.38,1815.14,68.91,1/11/2023,53:13.2
1583,34954.6,1801.31,69.44,3/11/2023,53:14.3
1584,34534.48,1795.63,68.84,30/10/2023,53:14.5
1585,35440.1,1847.74,69.96,2/11/2023,53:15.1
1586,35035.79,1893.13,71.66,6/11/2023,53:15.7
1587,34730.32,1833.64,69.5,4/11/2023,53:16.2
1588,34493.51,1809.67,69.25,31/10/2023,53:16.3
1589,35087.43,1857.17,70.51,5/11/2023,53:16.6
1590,35555.16,1888.86,73.1,9/11/2023,53:16.7
1591,36704.01,2120.88,73.86,10/11/2023,53:16.9
1592,35416.63,1885.93,73.44,8/11/2023,53:17.0
1593,37086.5,2046.06,74.94,13/11/2023,53:18.1
1594,37139.94,2053.94,75.29,12/11/2023,53:18.1
1595,37324.84,2078.57,73.31,11/11/2023,53:18.1
1596,35059.46,1901.67,74.46,7/11/2023,53:18.1
1597,36475.68,2054.31,71.11,14/11/2023,53:19.0
1598,35554.1,1979.45,70.63,15/11/2023,53:43.7
1599,37885.35,2059.46,74.17,16/11/2023,53:43.9
1600,36631.56,1961.53,70.33,18/11/2023,53:44.2
1601,36161.15,1961.66,70.99,17/11/2023,53:44.3
1602,37389.06,2012.68,70.61,20/11/2023,53:44.8
1603,37472.76,2022.56,69.57,21/11/2023,53:45.3
1604,37424.31,2063.95,68.73,23/11/2023,53:45.7
1605,35633,1929.26,66.03,22/11/2023,53:45.7
1606,36596.14,1963.75,69.92,19/11/2023,53:46.3
1607,37304.04,2062.51,69.52,24/11/2023,53:46.6
1608,37806.84,2084,71.91,26/11/2023,53:46.7
1609,37241.64,2027.46,69.24,28/11/2023,53:47.5
1610,37462.01,2063.13,70.06,27/11/2023,53:47.6
1611,37838.26,2048.94,69.81,29/11/2023,53:47.6
1612,37746.29,2082.74,70.58,25/11/2023,53:47.6
1613,37864.79,2029.14,70.02,30/11/2023,53:48.6
1614,37732.27,2053.08,69.44,1/12/2023,54:14.0
1615,38706.55,2088.43,71.63,2/12/2023,54:14.6
1616,39983.6,2192.41,72.34,4/12/2023,54:15.1
1617,44086.33,2293.96,74.44,6/12/2023,54:16.1
1618,43766.41,2233.08,72.42,7/12/2023,54:16.1
1619,41985.53,2243.25,72.91,5/12/2023,54:16.6
1620,44192.86,2359.01,78.53,9/12/2023,54:16.6
1621,43281.11,2356.4,74.05,8/12/2023,54:16.7
1622,39467.42,2165.85,72.24,3/12/2023,54:17.1
1623,43722.84,2341.48,76.36,10/12/2023,54:17.1
1624,43793.67,2352.71,77.19,11/12/2023,54:17.4
1625,41477.6,2202.39,72.35,13/12/2023,54:17.5
1626,41229.61,2224.15,72.65,12/12/2023,54:17.5
1627,42887.39,2260.69,73.17,14/12/2023,54:17.7
1628,41934.84,2220.44,70.94,16/12/2023,54:18.8
1629,43027.77,2315.81,72.97,15/12/2023,54:18.8
1630,42235.23,2227.19,72.17,17/12/2023,54:44.2
1631,41349.59,2194.45,71.15,18/12/2023,54:44.2
1632,42650.01,2218.58,70.86,19/12/2023,54:44.3
1633,43875.56,2239.92,70.93,22/12/2023,54:46.1
1634,43673.11,2201.93,69.82,21/12/2023,54:46.2
1635,43605,2271.42,72.26,26/12/2023,54:46.2
1636,42266.25,2177.32,70.71,20/12/2023,54:46.2
1637,42521.21,2230.93,73.25,27/12/2023,54:46.2
1638,43728.36,2309.51,72.5,24/12/2023,54:46.3
1639,44033.84,2326.49,73.65,23/12/2023,54:46.3
1640,43469.06,2380.54,76.03,28/12/2023,54:46.5
1641,42581.23,2345.08,76.54,29/12/2023,54:47.5
1642,43025.02,2265.45,71.16,25/12/2023,54:47.5
1643,42064.22,2299.17,73.21,30/12/2023,54:47.5
1644,42139.32,2291.51,73.24,31/12/2023,54:47.6
